種別,元C名,新C#名,出典ファイル,意味
ソースファイル,FyskEwsMain.c,CircuitAnalyzer.cs / CircuitAnalysisJob.cs,toku/qrespo/sekkei/fyskews/src/FyskEwsMain.c,回路解析処理(バッチ入口)
ソースファイル,cmnchar.c,FixedFieldCodec.cs,toku/lib/libfycom/cmnchar.c,SJIS固定長エンコード/デコード
ソースファイル,getfpath.c/getfname.c,InfConfigLoader.cs,toku/lib/libfycom/getfpath.c,.inf構成ファイル解析
関数,Fysk10_Main,CircuitAnalyzer.Analyze,libfysek.a,回路解析メイン
ソースファイル,Fyss11.c,CircuitStringChecker.cs,toku/sekkei/src/Fyss11.c,系統文字列チェック(回路記述→テーブル化)
関数,Fyss11_Mojiretu_Check,CircuitStringChecker.Check,toku/sekkei/src/Fyss11.c,回路設計エリアの行集約と解析
関数,Fyss11_Check_Main,CircuitStringChecker.CheckMain,toku/sekkei/src/Fyss11.c,行種別ディスパッチ
関数,Fyss11_Table_Set,CircuitStringChecker.TableSet,toku/sekkei/src/Fyss11.c,系統/行種/仕様テーブル生成
関数,Fyss11_Check_NP,CircuitStringChecker.CheckNameplate(スタブ),toku/sekkei/src/Fyss11.c,盤タイトル銘板文チェック
関数,Fyss11_Check_BN,CircuitStringChecker.CheckBoardName,toku/sekkei/src/Fyss11.c,盤名称文チェック(ban確定)
関数,Find_BN,CircuitStringChecker.FindBoardWord,toku/sekkei/src/Fyss11.c,盤ワード(BUN/HIK/KAI/SYU/SEI/KEI/BOX/NAI)取り込み
関数,Fyss11_Check_P,CircuitStringChecker.CheckIncoming + ParseIncomingRating,toku/sekkei/src/Fyss11.c,入線文チェック(電源記述/電線サイズ/芯数/本数/アース → f811)
関数,Fyss11_Check_PS,CircuitStringChecker.CheckIncomingBranch,toku/sekkei/src/Fyss11.c,入線分岐文チェック(電源記述+CM=)
関数,Fyss11_Check_UP,CircuitStringChecker.CheckPowered,toku/sekkei/src/Fyss11.c,有電源文チェック(電源種別+CM=)
関数,Kairo_Bunrui_Set,CircuitStringChecker.ClassifyCircuit,toku/sekkei/src/Fyss11.c,行種区分(G_kind: TM/M/SM→M, S→S, O→O, BO→B, 他→P)
関数,Kairo_Bangou_Set,CircuitStringChecker.AssignCircuitNumber,toku/sekkei/src/Fyss11.c,回路番号採番(kairono: 相数別カウンタを後置採番し%03d)
構造体,struct BANGOU,CircuitNumberCounters,toku/sekkei/src/Fyss11.c,回路番号カウンタ(主/分岐/送り/番号 × 単相/三相 + 開閉)
関数,KAKKO_PROC,CircuitStringChecker.ProcessCommand,toku/sekkei/src/Fyss11.c,"(CM=xxx)"コマンド句の解析
関数,gyosyu_table_set,CircuitStringChecker.TableSet(GYOSYU部),toku/sekkei/src/Fyss11.c,行種テーブルのG_kind/kairono/K_kind/souden/sousen設定
テーブル,dengen_kijyutu_table/cp_kijyutu_table,CircuitStringChecker.PowerDescriptionTable,toku/sekkei/src/Fyss11.c,電源記述(1P2W105V等)→定格コード
テーブル,dengen_syu_table/cp_dengen_table,CircuitStringChecker.PowerKindTable,toku/sekkei/src/Fyss11.c,電源種別(AC100V等)→定格コード
テーブル,dinf_size_table/dinf_sins_table/dinf_hons_table,CircuitStringChecker.WireSizeTable/WireCoreTable/WireCountTable,toku/sekkei/src/Fyss11.c,電線サイズ/芯数/本数テーブル
変数,kairostring,CircuitStringChecker.TextCursor,toku/sekkei/src/Fyss11.c,回路文字列ポインタ走査(Check_P系)
関数,Fyss11_Check_C,CircuitStringChecker.CheckControl(スタブ),toku/sekkei/src/Fyss11.c,コントロール文チェック
関数,Fyss11_Mojiretu_Find,CircuitStringChecker.MojiretuFind,toku/sekkei/src/Fyss11.c,予約語文(TM/M/SM/B/BO/PM/O/S)を分岐で分解
関数,Mojiretu_Check,CircuitStringChecker.MojiretuCheck,toku/sekkei/src/Fyss11.c,分岐サブ文チェック(予約語照合・KIKITABLE展開)
関数,Mojiretu_Check_Main,CircuitStringChecker.MojiretuCheckMain(部分),toku/sekkei/src/Fyss11.c,複合予約語文(G/H/K/MH/S/())の括弧グループ展開
関数,controlstart/nextchar/firstcontrol/nextcontrol/Find_Control/Select_Control,CircuitStringChecker.ControlScanner,toku/sekkei/src/Fyss11.c,複合予約語文スキャナ(括弧ネスト・カンマ区切)
列挙,enum SYMBOL(control),ControlScanner.ControlSymbol,toku/sekkei/src/Fyss11.c,複合予約語先頭シンボル(END/OTHER/KANMA/G/H/K/MH/S/LKAKKO)
関数,kikitable_set,CircuitStringChecker.KikitableSet,toku/sekkei/src/Fyss11.c,機器テーブルエントリ生成(K_No/G_No/S_No/B_No/D_No採番)
関数,kikitable_add("1"),CircuitStringChecker.ApplyReservedWord,toku/sekkei/src/Fyss11.c,予約語・予約語番号の分解(kubun 1)
関数,Find_Bangou,CircuitStringChecker.FindBangou,toku/sekkei/src/Fyss11.c,末尾の連続数値(予約語番号)抽出
関数,Find_Alphabetto,CircuitStringChecker.FindAlphabetto,toku/sekkei/src/Fyss11.c,先頭数字+英字部(予約語)抽出
テーブル,kei_chk_tbl/syu_tbl,CircuitStringChecker.SystemKindTable,toku/sekkei/src/Fyss11.c,系統起点行種(P/SP/MP/UP)→系統種別(1/2/3/4)
関数,kairostart/nextkhar/firstkairo/Find_Kairo,CircuitStringChecker.KairoScanner,toku/sekkei/src/Fyss11.c,回路記述文字列スキャナ(分岐トークナイザ)
列挙,enum SYMBOL,KairoScanner.KairoSymbol,toku/sekkei/src/Fyss11.c,先頭シンボル種別(END/OTHER/BUNKI/BUNKIUKE)
関数,Fyss11_Check_SEP,CircuitStringChecker.CheckSeparator(スタブ),toku/sekkei/src/Fyss11.c,セパレーター文チェック
関数,kikitable_set/kikitable_add,CircuitStringChecker.CreateEquipment + EquipmentTableEntry.Attributes,toku/sekkei/src/Fyss11.c,機器テーブル生成/属性付与
関数,Blankless,CircuitStringChecker.Blankless,toku/sekkei/src/Fyss1a.c,空白除去(漢字保持)
関数,NULLSTRING,CircuitStringChecker.IsNullString,toku/sekkei/src/Fysscommon.c,空文字列判定
関数,Find_Alphabetto1,CircuitStringChecker.ExtractAlpha,toku/sekkei/src/Fyss11.c,行種(英字)抽出
構造体/モデル,KEITOU,SystemTableEntry,toku/include/sekkei/struct.h,系統テーブル
構造体/モデル,GYOSYU,LineTypeTableEntry,toku/include/sekkei/struct.h,行種テーブル
構造体/モデル,SPEC,SpecTableEntry,toku/include/sekkei/struct.h,仕様文字列テーブル
構造体/モデル,KIKITABLE,EquipmentTableEntry,toku/include/sekkei/struct.h,機器テーブル
構造体/モデル,FYRT820,ControlSpecEntry,toku/include/common/fyrt820.h,制御仕様テーブル
列挙,enum _BAN,BanKind,toku/sekkei/src/Fyss11.c,盤区分
関数,Error_Proc,CircuitParseError(レコード),toku/sekkei/src/Fyss11.c,解析エラー(FYRT805)
ソースファイル,FyskEwsMain.c(行種別前処理群),CircuitLineNormalizer.cs,toku/qrespo/sekkei/fyskews/src/FyskEwsMain.c,Fysk10_Main前の行種別正規化パイプライン
関数,Fysk_CheckDuplicationComma,CircuitLineNormalizer.CheckDuplicationComma,toku/qrespo/sekkei/fyskews/src/FyskEwsMain.c,コンマ重複の除去
関数,Fysk_LightCirCuitCheck,CircuitLineNormalizer.AddLightCircuitNt,toku/qrespo/sekkei/fyskews/src/FyskEwsMain.c,電灯回路の主幹に+(NT)付与
関数,Fysk_MPCHeck,CircuitLineNormalizer.CompleteMpDepth,toku/qrespo/sekkei/fyskews/src/FyskEwsMain.c,MP行の深さ*15補完
関数,Fysk_TransAfAt,CircuitLineNormalizer.TransformAfAt,toku/qrespo/sekkei/fyskews/src/FyskEwsMain.c,60AF→100AF変換
関数,Fysk_2ET_Check,CircuitLineNormalizer.RemoveTwoEt,toku/qrespo/sekkei/fyskews/src/FyskEwsMain.c,C行の+(2ET)削除
関数,Fysk_TM_Consecutive_Check,CircuitLineNormalizer.MergeConsecutiveTm,toku/qrespo/sekkei/fyskews/src/FyskEwsMain.c,連続TM行の結合
関数,Fysk_SM_Consecutive_Check,CircuitLineNormalizer.MergeConsecutiveSm,toku/qrespo/sekkei/fyskews/src/FyskEwsMain.c,SM行の直前行への結合
関数,Fysk_WL_Consecutive_Check,CircuitLineNormalizer.ConvertWlF1a,toku/qrespo/sekkei/fyskews/src/FyskEwsMain.c,PM行 F1A→F+(ST)/F変換
関数,Fysk_BO_below_TM_Check,CircuitLineNormalizer.ChangeTmToMWhenBoFollows,toku/qrespo/sekkei/fyskews/src/FyskEwsMain.c,TM直下BOでTM→M
関数,Fysk_Delete_Comma,CircuitLineNormalizer.DeleteCommaBeforeParen,toku/qrespo/sekkei/fyskews/src/FyskEwsMain.c,丸括弧直前の不要コンマ削除
関数,Fysk_Add_LWToMGMC,CircuitLineNormalizer.ApplyLwToMgMc,toku/qrespo/sekkei/fyskews/src/FyskEwsMain.c,-MG/-MCへ直上の(LW=…)反映
関数,Fysk_Chg_TMtoM_BetweenPandSP,CircuitLineNormalizer.ChangeTmToMBetweenPAndSp,toku/qrespo/sekkei/fyskews/src/FyskEwsMain.c,P-SP間のTMをMへ変更
関数,Fysk_Chg_OtoBO_UnderM,CircuitLineNormalizer.ChangeOToBoUnderM,toku/qrespo/sekkei/fyskews/src/FyskEwsMain.c,P-SP間のM下のOをBOへ変更
関数,LibCharBackSpaceCut/LibCharBackSpaceSet,FixedFieldCodec.ReadText / WriteText,toku/lib/libfycom/cmnchar.c,固定長CHARの空白トリム/詰め戻し
関数,Fysk09(数値変換群),NumericConverter.RoundHalfUp / ParseImplicitDecimal,libfysek.a,数値変換・丸め
関数,CpyNullStop,FixedFieldCodec.ReadText,toku/tool/src/getfpath.c,前後空白除去コピー
関数,FyGetFileName,InfConfigLoader.LoadDataFileRegistry,toku/tool/src/getfname.c,ファイルID→パス解決
関数,FyGetFilePath,InfConfigLoader.LoadFilePathMap,toku/lib/libfycom/getfpath.c,パスID→物理パス
関数,FyIsamRead,IIsamTable.Read,toku/include/common/cmnisam.h,キー一致1件読込
関数,FyIsamStartR/FyIsamNextR/FyIsamEndR,IIsamTable.ReadSequential,toku/include/common/cmnisam.h,順次読込
関数,FyIsamAdd,IIsamTable.Add,toku/include/common/cmnisam.h,レコード追加
関数,FyIsamRewrite,IIsamTable.Rewrite,toku/include/common/cmnisam.h,レコード更新
関数,FyIsamDelete,IIsamTable.Delete,toku/include/common/cmnisam.h,レコード削除
構造体/モデル,FYDM805,EquipmentMaster,toku/include/common/fydm805.h,機器マスター
構造体/モデル,FYDF801,ProjectInfo,toku/include/common/fydf801.h,物件情報
構造体/モデル,FYDF805,CircuitDescriptionLine,toku/include/common/fydf805.h,回路内容記述
構造体/モデル,FYRT800,MainCircuitResult,toku/include/common/fyrt800.h,主回路エリア(解析結果)
構造体/モデル,sk_work,CircuitWork,toku/include/common/fyrt800.h,積算用ワークエリア
テキストマスタ,bumon.*.cns,DepartmentMaster,確認用/bumon.gai17.cns,部門(営業所/支店)マスター
設定ファイル,datafile.inf,DataFileRegistryEntry / DataFileRegistry(表),TOKUD/datafile.inf,データファイル構成
設定ファイル,filepath.inf,InfConfigLoader.LoadFilePathMap,TOKUD/filepath.inf,パスID→物理パス
定数,ERR_ISAM_NOTHING,IsamStatus.NotFound,toku/include/common/cmnisam.h,指定データ無し(-10)
定数,ERR_ISAM_EXIST,IsamStatus.AlreadyExists,toku/include/common/cmnisam.h,登録済み(-11)
定数,EXCLUSIVE_LOCK,LockMode.Lock,toku/include/common/cmnisam.h,ファイルロック(1)
フィールド,hinban,EquipmentMaster.PartNumber,toku/include/common/fydm805.h,品番
フィールド,hinmei,EquipmentMaster.PartName,toku/include/common/fydm805.h,品名
フィールド,pstring,EquipmentMaster.ElectricalParameters,toku/include/common/fydm805.h,電気パラメータ文字列
フィールド,eigyocd,ProjectInfo.SalesOfficeCode,toku/include/common/fydf801.h,営業所コード
フィールド,meisaino,ProjectInfo.ItemNumber,toku/include/common/fydf801.h,明細番号
フィールド,kairoar,CircuitDescriptionLine.CircuitText,toku/include/common/fydf805.h,回路内容記述エリア
フィールド,gyosyu,CircuitDescriptionLine.LineType,toku/include/common/fydf805.h,行種
フィールド,gyono,CircuitDescriptionLine.LineNumber,toku/include/common/fydf805.h,行番号
関数,Check_KikiMeisyou,CircuitStringChecker.CheckKikiMeisyou,toku/sekkei/src/Fyss1b.c,機器名称の予約語マスタ照合(改訂<42>/<46>: 27A/27B/27C→CR、行種Bは入力不可FY-760E)
関数,Fyss1c_Mojiretu_Check,CircuitStringChecker.CheckKikiMeisyou(部分),toku/sekkei/src/Fyss1c.c,機器名称文字列チェック
関数,Check_KikimeiC,CircuitStringChecker.CheckKikiMeisyou(部分),toku/sekkei/src/Fyss1c.c,機器名称チェック
関数,Yoyaku_Check_Main,CircuitStringChecker.ResolveReservedWord,toku/sekkei/src/Fyss1d.c,予約語マスタ照合(接尾数字除去、tokusyu_key一致はfyak_tbl未一致でも成功)
関数,Find_Delimetor,CircuitStringChecker.SplitReservedToken,toku/sekkei/src/Fyss1c.c,区切り文字(=または*)で分割
テーブル,fyak_tbl,CircuitStringChecker.ReservedWordMaster,toku/include/sekkei/fyrt810.h,予約語マスタ(コンパイル埋込)
テーブル,tokusyu_key,CircuitStringChecker.SpecialReservedKeys,toku/sekkei/src/Fyss1d.c,特殊予約語キー(G1-G4/SL/27A/27B/27C改訂<8>/FLT)
フィールド,s_yoyaku(kikimei),EquipmentTableEntry.ProductName,toku/include/sekkei,確定した予約語(品名)
ソースファイル,Fyss1d.c(電気パラメータ部),ElectricalParameterChecker.cs,toku/sekkei/src/Fyss1d.c,電気パラメータ(定格キー)チェックエンジン
関数,Parm_Check_Main,ElectricalParameterChecker.CheckParameters,toku/sekkei/src/Fyss1d.c,予約語ごとの電気パラメータ文字列を1グループずつ解析(TR以外)
関数,Get_1_Group,ElectricalParameterChecker.GetOneGroup,toku/sekkei/src/Fyss1d.c,数値部＋記号部を1グループ抽出し桁数計上(FY-880/881/695/696/698E)
関数,Check_1_Group,ElectricalParameterChecker.CheckOneGroup,toku/sekkei/src/Fyss1d.c,定格キー表と照合し桁・繰返数検証(FY-699/882/883/884/885E)
関数,change_parm_data,ElectricalParameterChecker.ChangeParmData,toku/sekkei/src/Fyss1d.c,記号部文字列の切り出し
関数,digit_skip/not_digit_skip/delimit_skip/piriod_skip,ElectricalParameterChecker.DigitSkip/NotDigitSkip/DelimitSkip/PiriodSkip,toku/sekkei/src/Fyss1d.c,数値/非数値/区切り'･'/ピリオドのスキップ桁数計上
関数,key_check_main/key_check_<TYPE>,ElectricalParameterChecker.KeyCheckMain,toku/sekkei/src/Fyss1d.c,値をRatingValues(key_tbl)へ格納し型別に重複・範囲検証(全 key_check 型を収録。TR/NT/WH は専用処理へ委譲)
構造体/モデル,key_check_<TYPE>の各if/else分岐,ElectricalParameterChecker.KeyCheckRule/KeyCheckRules,toku/sekkei/src/Fyss1d.c,記号ごとの格納先・範囲・fv/fvc・重複/範囲エラーNo.をデータ駆動化(TBのP下限i_minは実行時グローバル依存のため既定2を採用)
テーブル,GxRules(G/G1/G2/G3/G4/GI/GP/GPN)/XlRules(GL/RL/OL/BL/WL)/XeryRules(2ERY/3ERY/4ERY)/SlxRules(SL23/SL32/SL42/SL43)/FltxRules(FLT1-4/FLTI)/UnitSwitchRules(TSU/SSWU/PBSU/COSU/2COSU/OLU),ElectricalParameterChecker,toku/sekkei/src/Fyss1d.c,同一 key_check を共有する予約語別名グループの共通ルール配列
関数,key_check_NT,ElectricalParameterChecker.KeyCheckNt,toku/sekkei/src/Fyss1d.c,NTの値検証(P 4..60。940822改訂で奇数値は+1丸め2桁格納)
関数,key_check_WH,ElectricalParameterChecker.KeyCheckWh,toku/sekkei/src/Fyss1d.c,WHの値検証('/'の格納先を直後副記号 n_kigo(A→sa/V→sv)で判別)
関数,atoi/atof,ElectricalParameterChecker.AtoiC/AtofC,toku/sekkei/src/Fyss1d.c,Cのatoi/atofセマンティクス(先頭数値部のみ解釈)
関数,TR_check_main,ElectricalParameterChecker.TrCheckMain,toku/sekkei/src/Fyss1d.c,変圧器専用パーサ(多スロット/状態付き sw_kugiri/sw_v2v3/ior1)。ft_tr をシーケンシャル走査
関数,key_check_TR,ElectricalParameterChecker.KeyCheckTr,toku/sekkei/src/Fyss1d.c,TR 1値の範囲検証・格納(p1/w1・v1[]・p2,p3/w2,w3・fv2,v2[]・fv3,v3[]・va。KVAは×1000)
テーブル,ft_tr,ElectricalParameterChecker.TransformerKeyTable,toku/include/sekkei/fyrt810.h,TR専用定格キー表(flag2=V/VAC いずれか必須)。RatingKeyTables とは別保持
構造体/モデル,FYAK_T,ElectricalParameterChecker.RatingKeySpec,toku/include/sekkei/fyrt810.h,定格キー1記号仕様(symbol/len/d_len/num/flag)。検証の権威はfyrt810.h(FySinTkakt.hは表示展開用で別物)
テーブル,fyak_tbl/ft_mcb等,ElectricalParameterChecker.RatingKeyTables,toku/include/sekkei/fyrt810.h,予約語→定格キー表(fyak_tbl経由でCheck_1_Groupが参照する検証表)
union,fyrt811/key_tbl,Ews.Domain.Analysis.RatingValues,toku/include/sekkei/fyrt811.h,機器種別の電気パラメータ格納unionをフィールド名→値の辞書で表現(1機器=1型)。E.3でDomainへ移動(KIKITABLEが保持)
関数,Fyss12_Make_Main,MainCircuitBuilder.MakeMain,toku/sekkei/src/Fyss12.c,主回路生成の統括(17段)
関数,Keitou_Check,MainCircuitBuilder.CheckSystemComposition,toku/sekkei/src/Fyss12.c,系統チェック(系統内行種検証)
関数,Ele_Equal_Check,MainCircuitBuilder.CheckElectricalParameterEquality,toku/sekkei/src/Fyss12.c,同一ysno機器の電気パラメータ同一検証(MCDT/CSDT/MC/TSW。R系はE.3b保留)。FY-630E/631E
フィールド,KIKITABLE.key_tbl,EquipmentTableEntry.RatingValues,toku/include/sekkei/struct.h,機器テーブルの定格キー値(電気パラメータ)
関数,Find_Gyosyu_Sym,MainCircuitBuilder.FindLineTypeSymbol,toku/sekkei/src/Fyss12.c,行種文字列→シンボル分類
列挙,SYMBOL,MainCircuitBuilder.LineTypeSymbol,toku/sekkei/src/Fyss12.c,行種シンボル(sym_NP等)
関数,Gyosyu_Check,MainCircuitBuilder.CheckLineTypeHierarchy,toku/sekkei/src/Fyss12.c,行種関連チェック(上下関係, 改訂<15>PM行27A/27B/27C例外)
関数,Find_Numeric,MainCircuitBuilder.FindNumericPrefix,toku/sekkei/src/Fysscommon.c,語前の数値取り出し
関数,Yoyakugo_Check_Double,MainCircuitBuilder.CheckEquipmentInformation,toku/sekkei/src/Fyss12.c,機器情報関連チェック(予約語種別ごとに重複/位置検証を分岐)。TB+PS/2電源TR/LGR/ELR外部取付/回路番号/数量はE.4b保留
関数,Find_Gyosyu,MainCircuitBuilder.FindLineType,toku/sekkei/src/Fyss1f.c,行種テーブルをG_Noで検索(G_No==0はNULL)
関数,Yoyakugo_Check_RM,MainCircuitBuilder.CheckRemoteControlDuplicate,toku/sekkei/src/Fyss12.c,リモコン機器(RRY除く)の同一番号重複チェック。FY-682E
関数,Yoyakugo_Check_MCDT,MainCircuitBuilder.CheckMcdtPair,toku/sekkei/src/Fyss12.c,MCDT/CSDTの番号必須(FY-684E)・同一番号丁度2件(FY-685E)チェック
関数,Yoyakugo_Check_SC,MainCircuitBuilder.CheckShuntPosition,toku/sekkei/src/Fyss12.c,SC位置チェック(PM直後同一グループFY-656E/O/B/S/BO可/他FY-649E)
関数,Yoyakugo_Check_TR,MainCircuitBuilder.CheckTransformerDuplicate,toku/sekkei/src/Fyss12.c,TR番号付き不可(FY-683E)。2電源TR(key_tbl.tr)はE.4b保留
関数,Yoyakugo_Check_OTHER,MainCircuitBuilder.CheckOtherDuplicate,toku/sekkei/src/Fyss12.c,一般機器の重複チェック(MC?MG/一般同番号FY-682E)。LGR/ELR外部取付(Kakko)はE.4b保留
関数,Kairo_Kubun_Set,MainCircuitBuilder.SetCircuitDivision,toku/sekkei/src/Fyss12.c,回路区分セット(機器のK_Kubunを機器種別/行種/計器パターンで設定。エラー返却なし)
関数,Find_Keiki_Type,MainCircuitBuilder.FindEquipmentType,toku/sekkei/src/Fyss12.c,予約語→計器種別(TYPE)分類。SBは分類対象外
列挙,enum _TYPE,MainCircuitBuilder.EquipmentType,toku/sekkei/src/Fyss12.c,計器種別(type_LA/WH/CT等)
テーブル,def_ptn/struct _PATTERN,MainCircuitBuilder.Patterns/EquipmentPattern,toku/sekkei/src/Fyss12.c,計器グループパターン表(string/kazu/type。id/retu/top_flgは未使用)
フィールド,KIKITABLE.K_Kubun,EquipmentTableEntry.CircuitDivision,toku/include/sekkei/struct.h,回路区分(K=計器/機器グループ M=主機器 S=SC分岐)
関数,Parm_Check_Main,CircuitStringChecker.PopulateRatingValues,toku/sekkei/src/Fyss1d.c,電気パラメータ→定格値(key_tbl)格納の配線
関数,Find_Delimetor/Find_Name,CircuitStringChecker.ExtractElectricalParameter,toku/sekkei/src/Fyss1c.c,予約語文から電気パラメータ部(d_parm)を抽出
関数,Yoyakugo_Add_Main,MainCircuitBuilder.AddDerivedEquipment,toku/sekkei/src/Fyss12.c,機器(SEP/CT/WH/ZCT)追加。前段のD_No*=10のみ移植(追加本体はTODO)
関数,cmp,MainCircuitBuilder.SortEquipmentByNumber,toku/sekkei/src/Fyss12.c,機器テーブルソート(qsort比較関数、D_No昇順)
フィールド,E_No,EquipmentTableEntry.EquipmentIdentityNumber,toku/include/sekkei/struct.h,同一機器認識番号
フィールド,yoyakkbn,EquipmentTableEntry.AutoGenerationKind,toku/include/sekkei/struct.h,自動生成区分(SEP/CT/WH/ZCT等の追加機器)
関数,Gyosyu_Rank_Set,MainCircuitBuilder.SetLineTypeRanks,toku/sekkei/src/Fyss12.c,行種の階層ランク/出現数セット
関数,Main_Exist_Check,MainCircuitBuilder.MainEquipmentExists,toku/sekkei/src/Fyss12.c,主回路機器(CT/AM/WH)存在チェック
関数,Kiki_Suryou_Set,MainCircuitBuilder.SetEquipmentQuantity,toku/sekkei/src/Fyss12.c,グループ機器数量セット
関数,Kiki_Suryou_Calc,MainCircuitBuilder.CalcEquipmentQuantity,toku/sekkei/src/Fyss12.c,機器数量計算(F/CT/VT除外)
フィールド,Kosu,EquipmentTableEntry.Quantity,toku/include/sekkei/struct.h,数量
フィールド,GKosu,EquipmentTableEntry.GroupQuantity,toku/include/sekkei/struct.h,グループ数量
関数,Kiki_Rank_Set,MainCircuitBuilder.SetEquipmentRanks,toku/sekkei/src/Fyss12.c,機器ランクセット(主機器の階層ランク)
関数,Kiki_Rank_Update,MainCircuitBuilder.UpdateEquipmentRanks,toku/sekkei/src/Fyss12.c,機器先頭フラグ(TOP_Flg)セット
関数,Gyosyu_Rank_Update,MainCircuitBuilder.UpdateLineTypeRanks,toku/sekkei/src/Fyss12.c,行種ランク更新
関数,Find_Max_Rank,MainCircuitBuilder.FindMaxRank,toku/sekkei/src/Fyss12.c,行種内機器ランクの最大値
関数,Pattern_Rank_Update,MainCircuitBuilder.UpdatePatternRanks,toku/sekkei/src/Fyss12.c,計器パターンのランク/先頭フラグ更新
関数,WH_Rank_Set,MainCircuitBuilder.SetWattHourMeterRanks,toku/sekkei/src/Fyss12.c,WHランク再設定(改訂14 無限ループ回避)
関数,TR_Rank_Set,MainCircuitBuilder.SetTransformerRanks,toku/sekkei/src/Fyss12.c,2電源トランスのランク再設定
フィールド,Rank(KIKITABLE),EquipmentTableEntry.Rank,toku/include/sekkei/struct.h,機器ランク
フィールド,TOP_Flg,EquipmentTableEntry.TopFlag,toku/include/sekkei/struct.h,機器先頭フラグ
フィールド,C_Flg,EquipmentTableEntry.PowerSourceFlag,toku/include/sekkei/struct.h,電源フラグ
関数,Fyss12_Make_Main_Sub,BuildMainCircuitFileArea,toku/sekkei/src/Fyss1f.c,主回路ファイルエリア作成の入口(実体はMain_File_Area_Make)
関数,Main_File_Area_Make,BuildMainCircuitFileArea,toku/sekkei/src/Fyss1f.c,主回路ファイルエリア作成・数量分解の本体
関数,Find_Iteration,FindIteration,toku/sekkei/src/Fyss1f.c,繰り返し(グループ数量)データ検索
関数,Find_Nobangou,FindCircuitNumberStatement,toku/sekkei/src/Fyss1f.c,回路番号文検索
関数,Find_Group,FindGroup,toku/sekkei/src/Fyss1f.c,グループデータ検索
フィールド,DNO,EquipmentTableEntry.CircuitNumberText,toku/include/sekkei/struct.h,指定回路番号(単一)
フィールド,GNO,EquipmentTableEntry.GroupCircuitNumberText,toku/include/sekkei/struct.h,指定回路番号(グループ集約)
構造体/モデル,FYRT800(分解結果),MainCircuitSegment,toku/sekkei/src/Fyss1f.c,主回路数量分解結果(レコード整形は段階移植)
列挙,(分解種別),MainCircuitSegmentKind,toku/sekkei/src/Fyss1f.c,分解種別(Simple/Iteration/CircuitNumber)
テーブル,ft_vs/ft_tb/…(fyak_tblの単純構造表),ElectricalParameterChecker.RatingKeyTables,toku/include/sekkei/fyrt810.h,単純構造の残り定格キー表(先頭数字2ERY系含む。空表STM/SIR/C/R/D等は忠実に空配列。'/'含む表は下段。TRは専用パーサ)
テーブル,ft_am/ft_vt/ft_ct/ft_rtr/ft_bltr/ft_pltr/ft_thsw/ft_wh,ElectricalParameterChecker.RatingKeyTables,toku/include/sekkei/fyrt810.h,CT/VT付き('/')定格キー表(構造検証。VM/TMも移植済。特殊展開TRは専用パーサ)
テーブル,ft_pt/ft_bp(予約語PT/BP),ElectricalParameterChecker.RatingKeyTables["PT"]/["BP"],toku/include/sekkei/fyrt810.h,特殊展開(fyak_tbl flag=FY_SY_PT/BP)だがParm_Check_MainはTR以外通常分岐。空記号len25プレースホルダとして収録→非空paramはFY-699E、空paramは0(空表と同一)
関数,next_1_get,ElectricalParameterChecker.NextOneGet,toku/sekkei/src/Fyss1d.c,CT/VT付き'/'直後の副記号n_kigoを取得(消費先key_check_WHはE.2)
テーブル,ft_rmcb(予約語RMCB),ElectricalParameterChecker.RatingKeyTables["RMCB"],toku/include/sekkei/fyrt810.h,fyak_tblの予約語はRMCB(旧誤記RECBから是正)
テーブル,fyak_tblマッピング(G→ft_g1/GI→ft_i/GP→ft_p/GPN→ft_n),ElectricalParameterChecker.RatingKeyTables,toku/include/sekkei/fyrt810.h,fyak_tblの予約語→ft_表マッピングのクセ(G/GI/GP/GPNは別名表を共有)。SMTKP/SMTSS/SMTRYはft_tsuを再利用
構造体,syukairo,MainCircuitData,toku/sekkei/src/Fyss1f.c,主回路FYRT800レコードの型付きモデル(gyo/keta/kno/ksyubetu/yoyaku/gyocd/skno/narakbn/doukkno/kairono等)
テーブル,FYRT800レコード,MainCircuitResult,toku/sekkei/src/Fyss1f.c,主回路ファイル1レコード(datano+syukairo+sk_work)。CircuitParseResult.MainCircuitsに蓄積
関数,Main_Area_Clear,MainCircuitData.Create,toku/sekkei/src/Fyss1f.c,syukairo初期化(memset'0'後に数値000/文字空白へ上書きする既定値)
関数,Find_Keitou,MainCircuitBuilder.FindSystem,toku/sekkei/src/Fyss1f.c,K_No==0でnull、それ以外はKEITOU(Systems)を線形探索
関数,Main_File_Make_s,MainCircuitBuilder.MainFileMakeSimple,toku/sekkei/src/Fyss1f.c,単純グループ(kj<kensu かつ D_No<=maxNo)を走査しmainfile_pre_setを呼ぶ
関数,Main_File_Make_d,MainCircuitBuilder.MainFileMakeIteration,toku/sekkei/src/Fyss1f.c,繰り返し開始追番(D_No)前の機器を出力後、D_No以降の機器群をIteration回繰り返しmainfile_pre_set(iteration=j)を呼ぶ。DLV伝播/交互運転Kougoは未モデル化で未実装
関数,mainfile_pre_set,MainCircuitBuilder.MainFilePreSet,toku/sekkei/src/Fyss1f.c,Kosu分展開(F/VT/CTは1固定)、DNOをCSV分割してgstringをmainfile_setへ渡す
関数,mainfile_set,MainCircuitBuilder.MainAreaSet,toku/sekkei/src/Fyss1f.c,FYRT800(syukairo)1レコード整形。datano/kno/ksyubetu/yoyaku/ysno/yssfx/gyocd/kiryoso/skno/narakbn/doukkno/jagekbn/kairsfx/gyono/ep[0](eparm_set)/epabn/epaqtyを移植。datatype(DTYPE)・fp(付属パラメータ)は上流(Fyss13-15機器選定)未モデル化のためTODO
関数,eparm_set(mainfile_set統合),MainCircuitBuilder.MainAreaSet(EquipmentParameterFormatter.EparmSet呼出),toku/sekkei/src/Fyss1f.c,定格キー(RatingValues)検証済機器のep[0]をeparm_set相当で生成しepabn/epaqtyを後置きで設定
関数,Max_Bunno_Find,MainCircuitBuilder.MaxBunnoFind,toku/sekkei/src/Fyss1f.c,同一G_No内の最大文番号(B_No)を前方走査で取得(kairsfx生成)
関数,Max_Kbangou_Find,MainCircuitBuilder.MaxKbangouFind,toku/sekkei/src/Fyss1f.c,同一G_No内の最大回路番号(N_No)を前方走査で取得(kairsfx生成)
関数,Find_Bangou(行種番号),MainCircuitBuilder.FindBangou,toku/sekkei/src/Fysscommon.c,行種名(原文)後方の連続数値を抽出しgyonoへ設定(Fyss11.cのFind_Bangouとは別関数)
関数,Find_Kairo_Kubun,MainCircuitBuilder.FindCircuitElement,toku/sekkei/src/Fyss1f.c,回路要素区分(kiryoso)算出。K_Kubun/予約語/TOP_Flgから'1':主/'2':CT/'3':計器/'4':VT/'5':ZCT,SB,MCB,LGR/' ':SEPを返す。非先頭計器は先頭(TOP_Flg=='1')まで後方走査
関数,Yoyakugo_Add_Main,MainCircuitBuilder.AddDerivedEquipment,toku/sekkei/src/Fyss12.c,step6機器追加。全D_Noを×10後、系統走査でCT/VT/WH/ZCT計器回路を主回路レコードへ展開。SEP追加(系統ブレーク/souden差分/改訂<12>PropChkSEPBox/PropChkHbnHB300)は段階移植で未実装
関数,Yoyakugo_Add_Main(type_CT分岐),MainCircuitBuilder.ConsolidateCurrentTransformerCircuit,toku/sekkei/src/Fyss12.c,CT計器回路展開。同一G_NoのK_Kubun=='K'群を走査しWH検出でKikitable_Keiki_Make(D_No=CT.D_No-1)、末尾でKikitable_Main_Make(D_No=末尾+1)
関数,Yoyakugo_Add_Main(type_VT分岐),MainCircuitBuilder.ConsolidateVoltageTransformerCircuit,toku/sekkei/src/Fyss12.c,VT計器回路展開。CT検出でexist_CT記憶、WH検出でKikitable_Keiki_Make(D_No=VT.D_No+1,TOP=' ')。停止後exist_CTならCT主回路(D_No=末尾+1)追加、CT無しexist_WHなら元WHをK_Kubun='M'化。VT自身は主回路化せず
関数,Yoyakugo_Add_Main(type_WH/type_ZCT分岐),MainCircuitBuilder.ConsolidateSingleInstrumentCircuit,toku/sekkei/src/Fyss12.c,単一計器(WH/ZCT)主回路展開。同一G_No群走査後Kikitable_Main_Make(D_No=末尾+1)。停止種別WH=CT/WH/ZCT/VT(950609)、ZCT=CT/WH/VT(950310,breakOnZctで切替)
関数,Kikitable_Main_Make,MainCircuitBuilder.KikitableMainMake,toku/sekkei/src/Fyss12.c,計器機器を主回路機器として機器テーブル末尾へ複製追加(K_Kubun='M'/yoyakkbn='1'/TOP_Flg='1'/Rank=0/GroupNo=0、G_No/D_Noは引数上書き)。型式展開フィールドは未モデル化で複製対象外
関数,Kikitable_Keiki_Make,MainCircuitBuilder.KikitableKeikiMake,toku/sekkei/src/Fyss12.c,計器回路先頭機器を機器テーブル末尾へ複製追加(K_Kubun='K'/yoyakkbn='1'/Rank=0/GroupNo=0、D_No/TOP_Flgは引数上書き)。型式展開フィールドは未モデル化で複製対象外
関数,Kikitable_SEP_Make,(未実装),toku/sekkei/src/Fyss12.c,系統ブレーク時のセパレータ機器追加。souden差分と改訂<12>PropChkSEPBox/PropChkHbnHB300(物件FYDF801プロパティ)依存のため段階移植で未実装
関数,Fyss1m_Input_Check,MainCircuitBuilder.InputCheckFixedOrder,toku/sekkei/src/Fyss1m.c,入力順固定項目チェック。主回路FYRT800を走査し計器回路でない(kiryoso=='1')AMごとにInputCheckCtAmを呼ぶ
関数,Fyss1m_Input_Check_CT_AM,MainCircuitBuilder.InputCheckCtAm,toku/sekkei/src/Fyss1m.c,CT/AM入力順チェック。AMの直後が計器回路でないCTならFY-645E(AM,CTの順は不正=CTを先に入力すべき)。改訂:1996.03.07
関数,Kairo_Group_Set,(意図的スキップ),toku/sekkei/src/Fyss12.c,step14グループセット。C原典で941123コメントアウト(無効化)のため移植しない
関数,Kiki_Equal_Bangou_Set,(意図的スキップ),toku/sekkei/src/Fyss12.c,step15同一機器認識番号セット。C原典でコメントアウト(無効化)のため移植しない
関数,PropSetInvbpKbn,(未実装),toku/sekkei/src/Fyss12.c,改訂<16>/<18>INVBP区分設定。回路記述中INVBPと同一行桁の機器へ区分('7')/kairsfx設定。kairsfx/tokkbnとINVBP追加機器(MC1/2/3,INV,THR)が上流Fyss13-15未移植依存のため保留
関数,Volt_Conv,VoltageInheritance.ConvertVoltage,toku/sekkei/src/Fyss14.c,電圧変換テーブル(varr[][2][3])照合。変換前3要素電圧が完全一致した最初の行の変換後3要素を出力配列へコピー。不一致なら出力配列不変。電圧値の継承の決定的スライス
関数,Max_Volt,VoltageInheritance.MaxVoltage,toku/sekkei/src/Fyss14.c,3要素電圧の最大値を先頭要素に設定し残り2要素を0にする
関数,Right_Volt,VoltageInheritance.RightAlignVoltage,toku/sekkei/src/Fyss14.c,非ゼロ電圧値を3要素配列の右側へ寄せる(先頭のみ非ゼロ/先頭2要素非ゼロ/その他の条件分岐と代入順をC原典どおり再現)
関数,Left_Volt,VoltageInheritance.LeftAlignVoltage,toku/sekkei/src/Fyss14.c,非ゼロ電圧値を3要素配列の左側へ寄せる(ゼロ除去)。3つの逐次if(各更新後に再判定)を再現
関数,Zs20SiyoInfoRead,CnsMasterLoader.ParseSpecificationMaster,toku/interf/zs50/src/Fymzs40Cns.c,siyosyo.cns(部署別仕様書一覧)の階層パース。部署→仕様書(名/説明/パス/ファイル[])の状態機械を移植。C原典のZONECD一致部署のみ保持は取込用途で全部署へ変更。図面サイズ(SiyosyoSizeCheck依存)は取り込まない
構造体,SIYO_INFO,SpecificationInfo,toku/interf/zs50/src/Fymzs40Cns.c,部署別仕様書情報(bumon=部署コード,s_info[]=仕様書種別一覧)
構造体,SYUBETU_INFO,SpecificationKind,toku/interf/zs50/src/Fymzs40Cns.c,仕様書種別(kaninm=名,explain=説明,path=パス,file_name[]=ファイル名一覧)。no/scale/zmnsyu/kenzu(図面サイズ)は未取込
関数,StrSPCut,CnsMasterLoader.StrSPCut,toku/interf/zs50/src/Fymzs40Cns.c,前後の半角空白・タブ・改行を除去
関数,-,CnsMasterLoader.SeedSpecificationMaster,sql/001_schema.sql,新設。siyosyo.cnsをSpecificationKind/SpecificationFileへ全置換投入。KindSeq/FileSeqでC配列順を保持
テーブル,SYUBETU_INFO,SpecificationKind,sql/001_schema.sql,仕様書種別テーブル(主キー=DepartmentCode+KindSeq)。KindName/Description/Path
テーブル,SYUBETU_INFO.file_name[],SpecificationFile,sql/001_schema.sql,仕様書ファイルテーブル(主キー=DepartmentCode+KindSeq+FileSeq)。SpecificationKindへFK
関数,-,EquipmentMasterLoader.ParseEquipmentMaster,hostdt/FYDM805.data,FYDM805固定長エクスポート(600byte/rec・LF区切り)を解析しEquipmentMaster一覧化。バイトオフセットでEquipmentMaster.FromFixedRecordへ委譲。244byte未満の末尾断片は読み飛ばす
関数,-,EquipmentMasterLoader.SeedEquipmentMaster,sql/001_schema.sql,FYDM805.dataをEquipmentMasterテーブルへSqlBulkCopyで全置換投入(完全再エクスポート実データ18370件・主キー重複0・FYDF816索引11424件が100%解決を検証済)
構造体,FYDF816,EquipmentPartNumberIndex,toku/include/common/fydf816.h,機器マスター品番索引(184byte)。key=hinban15+datano4,pkey140(yoyaku/mkcd/ptype/teikkey),hinmei25。FromFixedRecordで抽出
関数,-,EquipmentMasterLoader.ParsePartNumberIndex,hostdt/FYDF816.data,FYDF816固定長エクスポート(184byte/rec・LF区切り)を解析しEquipmentPartNumberIndex一覧化
関数,-,EquipmentMasterLoader.SeedPartNumberIndex,sql/001_schema.sql,FYDF816.dataをEquipmentPartNumberIndexテーブルへSqlBulkCopyで全置換投入(実データ11424件・キー(品番+追番)一意検証済)
構造体,eparmg,ElectricalParameters,toku/include/common/fycommon.h,1機器分の電気パラメータ(整形済み固定長)。eparm_setの出力構造。全フィールドをMain_Area_Clear相当の幅ぶん0埋めで初期化
シリアライザ,eparmg(253byte),EparmgCodec,toku/include/common/fycommon.h,ElectricalParameters(eparmg)を宣言順253バイト固定長へ相互変換。実FYDF806のep[0..2]往復一致でレイアウトのバイト一致を実証(案件139/11517レコード)
関数,eparm_set,EquipmentParameterFormatter.EparmSet,toku/sekkei/src/Fyss1f.c,検証済み定格値(RatingValues)を予約語別に固定長数値へ整形しElectricalParameters生成(key_checkの逆写像)。Wave1-6で遮断器/漏電遮断器/引込/電磁接触器/端子台計器/TB/CON/TRを収録。Wave7+で残り全予約語(ZCT/LGR/ELR/HPSB/HSB/RRY/RTR/MCDT/F/LA/DCPW/CR/TM/TS/G系/表示灯WL-BL/COS/PBS/SSW/TSW/BZ/BEL/CP/RSW/EE/HM/XERY/CKS/CSDT/CU/TU/NHMB/APN/SL系/LGT/BLTR/PLTR/LSW/DSW/SV/MV/KPRY/THSW/L/IDF-MDF/WDP/MCFR/MGFR/MCSD/MGSD/MGLD/MGCS/INV/DCSIR/DCNI/MCFRSD/MGFRSD/TSU系ほか)を収録しeparm_set全99分岐移植完了。XERY接尾一致/FLTx先頭一致/TM時間単位倍率/W-V区分/エレメント直接代入/空分岐STM等の忠実再現含む
関数,set_9,EquipmentParameterFormatter.Set9,toku/sekkei/src/Fyss1f.c,from先頭from_length文字をatof×multipleしC書式(例%09.3f)でto_length桁固定長へ整形(strncpy相当・末尾NUL埋めなし)
関数,chk_9,EquipmentParameterFormatter.Chk9,toku/sekkei/src/Fyss1f.c,from先頭from_length文字のatof
関数,Stof,EquipmentParameterFormatter.Stof,toku/sekkei/src/Fysk09.c,str先頭size文字のatof(chk_9と同義)
テスト,ゴールデン突合(実案件),GoldenComparisonHarnessTests,EWS/WORK/*/FYDF805-806,実案件のFYDF805(回路内容)→key_check→eparm_set→eparmg固定長を実FYDF806のep[0]と突合。(1)ep[0..2]往復でレイアウトバイト一致、(2)単一機器行でeparm_set出力がep[0]と一致(内容不一致0件)。WORK未配置環境はスキップ
関数,Check_Dainyuu,CircuitStringChecker.CheckDainyuu,toku/sekkei/src/Fyss1b.c,代入文「(TAG=値)」1件を検証し機器テーブルへ格納(fpサブセット)。ISAM依存(Check_IT/Check_MK)・Keisan_LW・NOハイフン連番展開・Check_Haifunn('S')・PULASU型式展開は段階移植で保留
関数,Check_KikiMeisyou(代入文ループ),CircuitStringChecker.ProcessAssignmentStatements,toku/sekkei/src/Fyss1b.c,予約語部の後に続く代入文をwhileで順にCheck_Dainyuuへ渡す
関数,Find_KikiMeisyou/nextyoyasugo,CircuitStringChecker.FindKikiMeisyou/NextYoyasugo,toku/sekkei/src/Fyss1b.c,予約語文スキャナ。代入語(MK=/IT=/CM=/SP=/LN=/HAI=/LW=/LV=/UP=/NO=/B=/WHAI=/BK=/BKO=/CNCT=/@=/+()を検出
関数,-,CircuitStringChecker.ExtractReservedClause,toku/sekkei/src/Fyss1b.c,予約語部(最初の代入文'('以前)を分離。代入文の'='を電気パラメータの'='と誤認させない
変数,ByteCursor(ph/nh/yh),CircuitStringChecker.ByteCursor,toku/sekkei/src/Fyss1b.c,CP932バイト列上の文字ポインタ走査(parmstring/namestring/yoyakustring・iskanji全角2バイト処理)
関数,Check_Kakko,CircuitStringChecker.CheckKakko,toku/sekkei/src/Fyss1b.c,括弧バランス箇所まで代入値を抽出
関数,Find_Name/nextname,CircuitStringChecker.FindName/NextName,toku/sekkei/src/Fyss1b.c,代入値スキャナ(')'区切り)
関数,Find_Delimetor/nextdelimetor,CircuitStringChecker.FindDelimetor/NextDelimetor,toku/sekkei/src/Fyss1b.c,数値区切り(*/./>/,/-)スキャナ
関数,Find_Unit/nextunit,CircuitStringChecker.FindUnit/NextUnit,toku/sekkei/src/Fyss1b.c,単位(V/W/KW/VA/KVA)スキャナ
関数,nextkigou,CircuitStringChecker.NextKigou,toku/sekkei/src/Fyss1b.c,負荷記号(M/HA/H/S/W/FL/NA/TR/YA/YS)判定
関数,Check_CM,CircuitStringChecker.CheckCm,toku/sekkei/src/Fyss1b.c,コメント検証(20byte以内)
関数,Check_SP,CircuitStringChecker.CheckSp,toku/sekkei/src/Fyss1b.c,寸法検証(数値*数値*数値)
関数,Check_LW,CircuitStringChecker.CheckLw,toku/sekkei/src/Fyss1b.c,負荷容量検証(記号+数値+単位)。Keisan_LW正規化は保留(形式検証のみ)
関数,Check_HAI,CircuitStringChecker.CheckHai,toku/sekkei/src/Fyss1b.c,特注送り配置検証(L/C/T/O/D)
関数,Check_LN,CircuitStringChecker.CheckLn,toku/sekkei/src/Fyss1b.c,負荷名称検証(20byte超は全角境界で切詰、常にTRUE)
関数,Check_LV,CircuitStringChecker.CheckLv,toku/sekkei/src/Fyss1b.c,負荷電圧検証(数値+V)
関数,Check_UP,CircuitStringChecker.CheckUp,toku/sekkei/src/Fyss1b.c,有電圧電源検証(dengen_syu_table照合)
関数,Check_NO,CircuitStringChecker.CheckNo,toku/sekkei/src/Fyss1b.c,回路番号検証・展開(カンマ連結/範囲'>'展開)。ハイフン連番(PropGetKnoStruct/PropDevelopKno)は非展開
関数,renketu,CircuitStringChecker.Renketu,toku/sekkei/src/Fyss1b.c,数値範囲を',n'連結(99上限)
関数,kikitable_add(代入文タグ),CircuitStringChecker.ApplyAssignmentTag,toku/sekkei/src/Fyss11.c,代入文タグ(MK/CM/SP/LW/HAI/LN/LV0/UP/NO/IT/B/WHAI/BK/CNCT)→機器テーブル(DMK/DCM/DSP/DLW/HAI/DLN/DLV/DUP/DNO/DIT/BUN_RETU/WHAI/BIKO/CNCT)格納
関数,CheckNumeric/CheckAlphaNumeric/CheckZenkaku1z,CircuitStringChecker.CheckNumericC/CheckAlphaNumericC/CheckZenkaku1z,toku/sekkei/src/Fysscommon.c,数字/英数半角カナ/全角1-2文字判定
フィールド,DMK/DIT/DCM/DCM2/DSP/DLW/DLN/DLV/DUP/HAI/BUN_RETU/WHAI/BIKO/CNCT,EquipmentTableEntry.Maker/ItemName/Comment/Comment2/SpecialDimension/LoadCapacity/LoadName/LoadVoltage/PowerVoltage/SendPlacement/BranchArrangement/WhPlacement/Remark/BottomOutgoing,toku/include/sekkei/struct.h,代入文由来の機器データソース(fpサブセット)
構造体,fparmg,AttachedParameters,toku/include/common/fycommon.h,付属パラメータ(付属情報)。機器の負荷/コメント/寸法/括弧区分/制御電源/メーカー等
関数,mainfile_set(fp設定ブロック),EquipmentParameterFormatter.FparmSet,toku/sekkei/src/Fyss1f.c,機器テーブル→fp各フィールド整形(負荷容量kW×1000/負荷電圧/負荷名称/コメント/品名/SP区分/寸法*分割/括弧区分/制御電源/メーカー)
クラス,fparmg固定長入出力,FparmgCodec,toku/include/common/fycommon.h,fparmg 157バイト固定長の直列化/復元(Shift-JIS。既定は Main_Area_Clear の '0'/' ' 混在)
フィールド,fpalw1/fpalw2/fpalwkbn/fpalv/fpaln/fpacm1/fpacm2/fpacglno/fpaitpt/spkvn/fpah/fpaw/fpad/fpasglno/fpag/fpahu/fpas/fpak/fpamh/fpac/fpamk/fpaup/tikbn,AttachedParameters.LoadKind/LoadCapacity/LoadUnitKind/LoadVoltage/LoadName/Comment/LineTypeComment/CommentGroupNumber/ItemName/SpFutureMountKind/DimensionHeight/DimensionWidth/DimensionDepth/DimensionGroupNumber/ExternalMountKind/SealKind/SuppliedKind/PartitionKind/MeterSealKind/ControlPowerNumber/MakerCode/PowerVoltage/DoorMountKind,toku/include/common/fycommon.h,付属パラメータ struct fparmg の各フィールド
関数,Main_File_Make_n,MainCircuitBuilder.MainFileMakeCircuitNumber,toku/sekkei/src/Fyss1f.c,回路番号文ありグループの主回路設計エリア(FYRT800)生成(DNOトークン展開+次段機器へのDLV伝播)
関数,include,MainCircuitBuilder.Include,toku/sekkei/src/Fyss1f.c,行種グループNo/回路番号文に回路番号トークンが含まれるか(strstr部分一致)
関数,Find_Next_Nobangou,MainCircuitBuilder.FindNextCircuitNumber,toku/sekkei/src/Fyss1f.c,回路番号の次段機器を検索(GNO/DNO包含判定で直後機器を返す)
構造体,MCPRMS,MainCircuitParameter,toku/sekkei/src/Fyss14.c,主回路パラメータ(相/線式/極数/電圧v[3]/AC・DC区分)。機器選定・上流パラメータ生成の中核構造体
関数,Element_Gen,CircuitElementResolver.ResolveElement,toku/sekkei/src/Fyss14.c,相・線式・極数からエレメント数を得る(静的テーブル完全一致照合。不一致は-1)
関数,Pole_Gen,CircuitElementResolver.ResolvePole,toku/sekkei/src/Fyss14.c,相・線式から極数を得てpへ設定(静的テーブル完全一致照合。不一致は-1でp不変)
関数,mcprmcnv,MainCircuitParameterConverter.ConvertParameter,toku/sekkei/src/Fyss14.c,親回路・入力パラメータから変換テーブルを照合し下流回路パラメータ(相/線式/極数/電圧v[3]/AC・DC区分)を決定(memcmp完全一致。DC補正あり。非該当は-1)
関数,Kairo_Parm_Set,CircuitParameterResolver.SetCircuitParameter,toku/sekkei/src/Fyss14.c,親機器の回路情報と主回路データ(ep[0]相線式極/fp.fpalv負荷電圧)から自機器の下流回路パラメータを決定(NTは1P2W固定/mcprmcnv変換/Fは主回路・計器回路で近傍LA・VS・VM参照して相を上書き。ISAM非依存の決定的処理)
構造体,FYDF801,ProjectInformation,toku/include/common/fydf801.h,物件情報(物件共通情報)固定長1200バイトレコード。キー=依頼明細番号(依頼番号7+明細番号2)。回路解析エンジンは周波数区分hzkbn・製作仕様区分sshiykbnを参照
関数,FYDF801.FromFixedRecord,ProjectInformation.FromFixedRecord,toku/include/common/fydf801.h,1200バイト固定長Shift-JISレコードから物件共通情報をデコード(hzkbn@199/sshiykbn@159等の実オフセット)
関数,ParseProjectInformation(FYDF801.data),ProjectInformationLoader.ParseProjectInformation,toku/include/common/fydf801.h,FYDF801.data(1200バイト固定長・LF区切り1201/行)を解析してProjectInformation一覧を生成(実データ33264件で全オフセット検証済)
関数,SeedProjectInformation,ProjectInformationLoader.SeedProjectInformation,toku/include/common/fydf801.h,FYDF801物件情報をSQL Server(dbo.ProjectInformation)へSqlBulkCopyで全置換投入
構造体,bmeisai,PanelDetailInformation,toku/include/common/fydf801m.h,FYDF801盤明細情報(union com.mei)。盤名称/数量/ボックス品番タイプ/寸法。Fyss12 SEP判定はboxsund(BoxDepth)@285を参照
関数,PanelDetailInformation.FromFixedRecord,PanelDetailInformation.FromFixedRecord,toku/include/common/fydf801m.h,1200バイト固定長Shift-JISから盤明細情報をデコード(bannm@55/boxsund@285等の実オフセット、実データ検証済)
関数,ParsePanelDetails,ProjectInformationLoader.ParsePanelDetails,toku/include/common/fydf801m.h,FYDF801.dataの盤明細レコード(明細番号非ブランク)を解析してPanelDetailInformation一覧を生成
構造体,hbninf,PartNumberInfo,toku/include/cmpchg/cmplogtr.h,品番情報ファイル(hbntb)。案件別.clh(生バイナリ908バイト=sizeof)。inputhb@0/dekankbn@407/sshiykbn@410/boxtyp@842/crboxtmp@864のCHARフィールドをSEPで参照
関数,FyCpHbHbnInfFileR,PartNumberInfoLoader.ReadFromFile,toku/compo/lib/clhbn_dir/clfilerw.c,案件別.clh(WORK/<依頼明細番号>.clh, 908バイト)を読みPartNumberInfoを返す。サイズ不一致はnull(C原典と同挙動)
関数,PropChkSEPBox,SeparatorBoxCheck.CheckSepBox,toku/sekkei/src/Fyss12.c,セパレータ作図BOX判定(生成BOX品番crboxtmp優先/無ければ適用BOXタイプboxtypがJBR・JOC始まり かつ boxsund=350 でSEP作図あり=0)
関数,PropChkHbnHB300,SeparatorBoxCheck.CheckHb300,toku/sekkei/src/Fyss12.c,HB300判定(幅300用ユニット品番のいずれかが入力品番inputhbに部分一致で該当=0)
関数,PropChkHbnHB300(unithb300.cns読込),Hb300UnitPartLoader.Parse,toku/const/sekkei/unithb300.cns,幅300用ユニット品番一覧を解析(先頭/*コメント除外・最初のカンマ前をトリム)
関数,Kikitable_SEP_Make,SeparatorInsertion.CreateSeparatorEntry,toku/sekkei/src/Fyss12.c,系統末尾機器(R_Kiki)から合成SEP機器を生成(D_No+5/yoyaku=SEP/K_Kubun=M/yoyakkbn=1/TOP_Flg=1、K_No・B_No・N_No・ban引継ぎ)
関数,sep_flg(PropChkSEPBox+HB300合成),SeparatorInsertion.IsSeparatorApplicable,toku/sekkei/src/Fyss12.c,PropChkSEPBox==0(SEP対象BOX)またはPropChkHbnHB300!=0(幅300非該当)でSEP作図あり=true
関数,sep_del判定,SeparatorInsertion.HasSeparatorDeletionCondition,toku/sekkei/src/Fyss12.c,2系統以上かつ行種相線(PhaseWires)に1P3Wと3P3Wが混在でSEP削除条件(追加しない)
関数,sep_del!=sep_numゲート,SeparatorInsertion.IsSeparatorInsertionAllowed,toku/sekkei/src/Fyss12.c,SEP追加ゲート(作図ありなら常に許可/作図なしは削除条件を満たさなければ許可)
関数,系統ブレークSEP追加,SeparatorInsertion.TrySeparatorAtBoundary,toku/sekkei/src/Fyss12.c,系統ブレーク時に前系統(P系統かつsouden指定)と次のP系統のsouden差分でSEP生成を判定(前系統末尾機器から/直前SEP・追加ゲート考慮)
構造体,SEP追加入力,SeparatorInputs,toku/sekkei/src/Fyss12.c,SEP判定の案件別入力(品番情報hbninf/ボックスフカサboxsund/幅300品番)。MakeMainへ任意で渡す(null時はSEP追加なし)
関数,Yoyakugo_Add_Main(SEP配線),MainCircuitBuilder.AddDerivedEquipment,toku/sekkei/src/Fyss12.c,step6でSEP追加を配線(separatorInputs指定時、系統ブレークでprevKind/prevPhaseVoltage差分からSEP挿入)
関数,SetParam_ep2_MCB_P,SecondaryParameterSetter.SetMcbPole,toku/sekkei/src/Fyss14.c,ep[2]極数(P)3桁目を回路極数から設定(kpapが'1'なら'2'/他はkpap)。上流パラメータ生成のシステム側生成値
関数,SetParam_ep2_MCB_E,SecondaryParameterSetter.SetMcbElement,toku/sekkei/src/Fyss14.c,ep[2]エレメント数(E)を回路相数/線式/極数から決定。ep[0].ATが99999.999なら'0'。epaeの空文字は'0'補正
関数,SetParam_ep2_MCB_V2,SecondaryParameterSetter.SetMcbVoltage2,toku/sekkei/src/Fyss14.c,回路電圧3スロット最大値をep[2]電圧2[0]の4桁目以降3桁へ格納/残り2スロットは000000.0/AC-DC区分は回路電圧区分
関数,SetParam_ep2_MC_P,SecondaryParameterSetter.SetMcPole,toku/sekkei/src/Fyss14.c,回路電圧[0]の105境界でep[2]極数3桁目を決定(105超は'2'/105以下は'1')
関数,SetParam_ep2_MC_V2,SecondaryParameterSetter.SetMcVoltage2,toku/sekkei/src/Fyss14.c,SetParam_ep2_MCB_V2へ転送
関数,SetParam_ep2_MG_E,SecondaryParameterSetter.SetMgElement,toku/sekkei/src/Fyss14.c,ep[2]エレメント数を常に'2'
関数,SetParam_ep2_MG_V2,SecondaryParameterSetter.SetMgVoltage2,toku/sekkei/src/Fyss14.c,SetParam_ep2_MCB_V2へ転送
関数,SetParam_ep2_MG_AC,SecondaryParameterSetter.SetMgContactA,toku/sekkei/src/Fyss14.c,ep[2]a接点数(AC)を常に00
関数,SetParam_ep2_MG_BC,SecondaryParameterSetter.SetMgContactB,toku/sekkei/src/Fyss14.c,ep[2]b接点数(BC)を常に00
関数,SetParam_ep2_TS_V2,SecondaryParameterSetter.SetTsVoltage2,toku/sekkei/src/Fyss14.c,SetParam_ep2_MCB_V2へ転送(941130)
関数,SetParam_ep2_TS_VC,SecondaryParameterSetter.SetTsControlVoltage,toku/sekkei/src/Fyss14.c,回路電圧3スロット最大値をep[2]制御電圧(VC)へ/AC-DC区分は回路電圧区分(941130)
関数,SetParam_ep2_TS_AC,SecondaryParameterSetter.SetTsContactA,toku/sekkei/src/Fyss14.c,ep[2]a接点数(AC)を常に00(941130)
関数,SetParam_ep2_TS_BC,SecondaryParameterSetter.SetTsContactB,toku/sekkei/src/Fyss14.c,ep[2]b接点数(BC)を常に00(941130)
構造体,dt.kpa*(回路電気値),MainCircuitData(CircuitPhaseCount/CircuitWireType/CircuitFrequency/CircuitPoleCount/CircuitVoltage/CircuitVoltageKind/MeterPrimaryVoltage/MeterPrimaryVoltageKind),toku/include/common/fydf806.h,FYRT800 dt の回路電気値(kpaph/kpawr/kpahz/kpap/kpav[3][3]/kpavkbn/kpakv1/kpakv1kb)。上流パラメータ生成が設定しSetParam_ep2_*が参照する
関数,Fyss11_Check_SEP,CircuitStringChecker.CheckSeparator,toku/sekkei/src/Fyss11.c,明示的なSEP行種(gyosyu="SEP")を機器化。回路が空(ENDのみ)でなければFY-610E/空ならkikitable_set+kikitable_add("1"/"SEP")でSEP機器を生成(入力=yoyakkbn既定)。系統ブレーク自動生成(Kikitable_SEP_Make)とは別経路
関数,Check_KikimeiC(kikitable_add"1"引数分離),CircuitStringChecker.ExtractReservedDesignation,toku/sekkei/src/Fyss1c.c,予約語番号(ysno)抽出用に電気パラメータ/数量/明示電パラを除いた予約語部を取り出す。MCB3P100A→MCBのように分離しFindBangouが電気パラメータ内数字をysnoと誤認するのを防ぐ(FY-682E誤検出の修正)
関数,Fyss11_Check_P(入線行souden補正),CircuitStringChecker.CheckIncoming,toku/sekkei/src/Fyss11.c,入線行(P)のsoudenを電源解析で確定した系統相へ更新。TableSetは電源解析前にsoudenを設定するため入線行が前系統相を持つoff-by-oneを補正し系統ブレークSEP判定を正す
関数,Kairo_Init_Take,UpperParameterBuilder.TakeIncomingParameter,toku/sekkei/src/Fyss14.c,入線(P)のep[0](epaph2/epawr2/epap/epav2kbn/epav2)から主回路パラメータMCPRMSを取り出す。Right_Volt/Pole_Gen/Left_Volt適用+105V単相2線の極数1特例。Make_UpperParmのP系統ループで使用
関数,Kairo_End_Set,UpperParameterBuilder.SetCircuitInfo,toku/sekkei/src/Fyss14.c,主回路パラメータMCPRMSから回路電気値kpa*(kpaph/kpawr/kpahz/kpap/kpavkbn/kpav)を設定。電圧は左詰め3桁。DCは相/線式/周波数0・極数2に再設定。改訂<14>VM(親Fuse相対参照)は本体配線時TODO
関数,Set_I,UpperParameterBuilder.SetI,toku/sekkei/src/Fyss14.c,SHORT値をC書式(%0Nd)で整形しstrncpyで先頭length文字を返す(sprintf+strncpy)
関数,Find_Parent,UpperParameterBuilder.FindParent,toku/sekkei/src/Fyss14.c,親データ追番(dt.oyatno)と一致するデータ追番(datano)を手前へ遡って探し親の回路電気値kpa*を主回路パラメータMCPRMSへ取り出す(右詰め)。予約語がVT/F以外で回路要素=='4'なら電圧110/0/0に上書き。見つかればtrue
構造体,dt.oyatno(親データ追番),MainCircuitData.ParentSequenceNumber,toku/include/common/fydf806.h,親機器のdatano。Find_Parentの親検索キー(3桁)
関数,Make_UpperParm(統括ループ kpa*生成部),UpperParameterBuilder.GenerateUpperParameters,toku/sekkei/src/Fyss14.c,P系統(ksyubetu=='1')の各機器で入線(yoyaku=="P")はTakeIncomingParameter+SetCircuitInfo、非入線はFindParent(戻り値無視)+SetCircuitParameter(Kairo_Parm_Set)+SetCircuitInfoで回路電気値kpa*を生成。PropFukaDenFromChild/SetParam_ep2/SetParam_Kubun/MC共用ループは後続TODO
関数,Parm_Set_RTR,UpperParameterBuilder.ApplyRtrCircuitParameters,toku/sekkei/src/Fyss14.c,RTR(計器用変成器2次)の回路電気値kpa*を再設定。相/線式/極数/AC・DC/周波数は親データ(oyatno直接参照=maina[atoi(oyatno)-1])から・電圧は自身のep[0].epav2定格から(024V等)。ep[2]生成(RTR_V1/TR_V2)は後続TODO
関数,SetParam_ep2(例外要素kpa*再設定部),UpperParameterBuilder.ApplyExceptionCircuitParameters,toku/sekkei/src/Fyss14.c,SetParam_ep2のうち回路電気値kpa*を再設定する分岐を移植。Make_UpperParm本体でKairo_End_Set直後に呼ぶ。RTRはParm_Set_RTR。WL系005V(主にType_Set5844後段パス)とep[2]生成は後続TODO
関数,PropFukaDenFromChild,UpperParameterBuilder.PropagateLoadVoltageFromChild,toku/sekkei/src/Fyss14.c,改訂<21>。自機器がB行種のMCB/ELB/SBで負荷電圧未入力(≠200)のとき同一行種グループ内の子機器(oyatno==自datano)の200Vを自機器のfp.fpalv[0]へコピー。Kairo_Parm_Setの前に呼ぶ
関数,SetParam_Kubun,UpperParameterBuilder.SetLoadClassification,toku/sekkei/src/Fyss14.c,機器負荷種別fp.fpalw1を回路電気値から確定・検証。負荷容量fpalw2!=0で種別が空なら相/電圧からH(単相)・PS(210/210/105)・M(他)を設定。種別がM/H/S/HA/FL/NA/YA/YS/TR以外(PS等)なら不整合2(FY-898)を返す
関数,SetParam_ep2(ディスパッチャ ep[2]生成部),SecondaryParameterSetter.SetParam_ep2,toku/sekkei/src/Fyss14.c,予約語別にep[2](システム側生成値)を生成。冒頭でep[2].epap="000"/epav2[0]="000000.0"を初期化し自己完結ケース(MCB/ELB/MMCB/ELMB/RMCB系/SB/THR/MG/SC/NT/RRY/MCDT/F/CP/LGT/HM/ZCT/CKS/CSDT/SSW/TSW/FL/LSW/DSW)を移植。記録列/物件/未移植リーフ依存(MC/RTR/WH/VM/VT/TR/TB/WL/LGR/ELR/TS/DCPW/CON/NHMB/LA)は後続TODO。Make_UpperParm本体でApplyExceptionCircuitParameters後とMC共用ループで呼ぶ
関数,Check_Haifunn,CircuitStringChecker.CheckHaifunn,toku/qrespo/sekkei/qre_sekkei/src/Fyss1b.c,予約語文末尾の分岐配置(-SP/-C)・数量(*N)を取り込み検証。区分'S'でkikitable_addタグ"4"(数量)/"5"(-C)/"9"(-SP)相当を機器属性quantity/control/spへ格納。goto(END_ASTER/CONTROL/SPACE)を状態ループで表現。これにより+(型式)*数量の*数量が消費されFY-613Eを回避
関数,Find_Haifunn/nexthaifunn,CircuitStringChecker.FindHaifunn/NextHaifunn,toku/qrespo/sekkei/qre_sekkei/src/Fyss1b.c,-SP(3文字)/-C(2文字)/*(1文字)区切りまで文字を取り込みシンボル(Space/Control/Aster/End/Other)を返す
関数,Check_ASTER/Check_CONTROL,CircuitStringChecker.CheckAster/CheckControl,toku/qrespo/sekkei/qre_sekkei/src/Fyss1b.c,数量(*N)・分岐配置(-C)の妥当性。空は許容・数値は1～99。両者同一判定(CheckHaifunnNumeric)
関数,SetParam_ep2_MC_V2,SecondaryParameterSetter.SetMcVoltage2,toku/sekkei/src/Fyss14.c,MC用電圧2(=MCB_V2 回路電圧最大値をep[2].V2へ)
関数,SetParam_ep2_MC_AC,SecondaryParameterSetter.SetMcContactA,toku/sekkei/src/Fyss14.c,MC用a接点数(非INVBP経路"00"・INVBP負荷容量分岐は後続増分)
関数,SetParam_ep2_MC_BC,SecondaryParameterSetter.SetMcContactB,toku/sekkei/src/Fyss14.c,MC用b接点数(非INVBP経路"00"・INVBP負荷容量分岐は後続増分)
関数(分岐),SetParam_ep2 case y_MC,SecondaryParameterSetter.SetParam_ep2 case MC,toku/sekkei/src/Fyss14.c,MC予約語のep[2]生成(V2/AC/BC収録・極数2次側検出は記録列依存で未収録)
関数(分岐),SetParam_ep2 case y_VM,SecondaryParameterSetter.SetVoltmeterParameters,toku/sekkei/src/Fyss14.c,VM(電圧計)のep[2]生成。回路要素kiryoso 3(VT無)/4(VT付)でV1/V2を分岐設定
関数(分岐),SetParam_ep2 case y_HPSB/y_HSB,SecondaryParameterSetter.SetParam_ep2 case HPSB/HSB,toku/sekkei/src/Fyss14.c,HPSB/HSB(漏電遮断器系)のep[2]生成。MCB_P(極数)+MCB_V2(電圧2最大値)
関数(分岐),SetParam_ep2 case y_TS,SecondaryParameterSetter.SetParam_ep2 case TS,toku/sekkei/src/Fyss14.c,TS(タイムスイッチ)のep[2]生成。TS_V2(電圧2最大)+TS_VC(制御電圧最大)+TS_AC/BC=00+TS_CC=01
関数(リーフ),SetParam_ep2_TS_CC,SecondaryParameterSetter.SetTsContactC,toku/sekkei/src/Fyss14.c,TS用c接点数(epacc)を常に01に設定
関数(分岐),SetParam_ep2 case y_L,SecondaryParameterSetter.SetParam_ep2 case L,toku/sekkei/src/Fyss14.c,L(リミッター)のep[2]生成。相線式epaph2/epawr2設定+常にSP枠扱いspkvn=1
関数(分岐),SetParam_ep2 case y_MCFR,SecondaryParameterSetter.SetParam_ep2 case MCFR,toku/sekkei/src/Fyss14.c,MCFR(正逆MC)のep[2]生成。MC_V2+MC_AC+MC_BC(極数なし)
関数(分岐),SetParam_ep2 case y_MCSD/y_MCFRSD,SecondaryParameterSetter.SetParam_ep2 case MCSD/MCFRSD,toku/sekkei/src/Fyss14.c,MCSD/MCFRSDのep[2]生成。MC_V2のみ
関数(分岐),SetParam_ep2 case y_MGFR,SecondaryParameterSetter.SetParam_ep2 case MGFR,toku/sekkei/src/Fyss14.c,MGFR(正逆MG)のep[2]生成。MG_E+MG_V2+MG_AC+MG_BC
関数(分岐),SetParam_ep2 case y_MGSD/y_MGFRSD,SecondaryParameterSetter.SetParam_ep2 case MGSD/MGFRSD,toku/sekkei/src/Fyss14.c,MGSD/MGFRSDのep[2]生成。MG_E+MG_V2
関数(分岐),SetParam_ep2 case y_DCSIR/y_DCNI,SecondaryParameterSetter.SetParam_ep2 case DCSIR/DCNI,toku/sekkei/src/Fyss14.c,直流機器のep[2]生成。MCB_V2後に電圧2区分を直流Dへ上書き
関数(分岐),SetParam_ep2 case y_TSU/SSWU/PBSU/COSU/2COSU/OLU,SecondaryParameterSetter.SetParam_ep2 case TSU系,toku/sekkei/src/Fyss14.c,タイムスイッチ用途系のep[2]生成。TS_V2+TS_VC
関数,Fysk01_Choki_Cmp1,EquipmentSelector.CompareByRangeCentering,toku/sekkei/src/Fysk01.c,機器選定候補比較(THR/MG/XERY)。基準値の幅内正規化位置の偏り差で優劣判定
関数,Fysk01_Choki_Cmp2,EquipmentSelector.CompareByMidpointDistance,toku/sekkei/src/Fysk01.c,機器選定候補比較(THSW/TM)。基準値と幅中点の距離で優劣判定
関数,Fysk01_Data_Cmp,EquipmentSelector.CompareCandidate,toku/sekkei/src/Fysk01.c,機器選定候補選択(THR/MG)。代表値・幅一致・定格値キー辞書順・均等度で今回候補入替を判定
関数,Ketaawase,NumericConverter.PowerOfTen,toku/sekkei/src/Fysk09.c,10 の指定桁乗を返す桁合わせ係数(負値は 10 の負乗)
関数,Kiriage,NumericConverter.Ceiling,toku/sekkei/src/Fysk09.c,小数部が正なら +1 する切り上げ(天井関数)
関数,Kirisute,NumericConverter.Truncate,toku/sekkei/src/Fysk09.c,ゼロ方向へ切り捨てる
関数,Chousei,NumericConverter.TrimTrailingZeros,toku/sekkei/src/Fysk09.c,小数点以下の余分な末尾ゼロと不要な小数点を除去する
構造体,eparmg_s,NumericElectricalParameters,toku/include/sekkei/fyscommon.h,数値化済み電気パラメータ(double版 eparmg)
構造体,TCHI_T,RatingKeyTableEntry,toku/include/sekkei/fyrt814.h,定格値編集用情報テーブルの1行(len/d_len/kouno/check等)
テーブル,tt_mcb ほか,RatingKeyTables,toku/include/sekkei/fyrt817.h,予約語別の定格値編集用情報テーブル(遮断器・接触器系)
関数,Fysk04_Make_Teikakuchi,RatingKeyBuilder.MakeRatingKey,toku/sekkei/src/Fysk04.c,定格値キー(kteichi 50バイト)を生成する
関数,Fysk00_Get_Datachi,RatingKeyBuilder.GetDataValue,toku/sekkei/src/Fysk00.c,項番に対応する電気パラメータ値を取得する(項番1～53)
共用体,IFC/SUCHI,RatingKeyBuilder.DataValue,toku/include/sekkei/fyrt814.h,1項目分の数値または区分文字の受渡し値
関数,Fysk0c_Edit_Epara,ElectricalParameterMerger.Merge,toku/sekkei/src/Fysk0c.c,ep[2]をベースにep[0]の入力済みフィールドで上書きマージする
関数,Fysk01_Change_Epara,ElectricalParameterConverter.Convert,toku/sekkei/src/Fysk01.c,電気パラメータ char(eparmg)→数値(eparmg_s)変換/各フィールドを Stof で数値化・区分文字は複写
関数,Fysk01_Type_Check2,ShapeTypeChecker.ResolveShapeTypes,toku/sekkei/src/Fysk01.c,予約語別の形状タイプ変換一覧作成(type_tbl2展開)/STM接点タイプ並べ替え含む
構造体,Type_T2,ShapeTypeVariant,usr/include/toku/sekkei/fyrt819.h,形状タイプ変換の1シンボル分設定(sym/su/typ)
構造体,Type_Tbl2,ShapeTypeTableEntry,usr/include/toku/sekkei/fyrt819.h,予約語1件分の形状タイプ変換テーブル(yoyaku/ichi/type_t2)
テーブル,type_tbl2,ShapeTypeTables.ConversionTable,usr/include/toku/sekkei/fyrt819.h,予約語別の形状タイプ変換テーブル本体
関数,Fysk01_Type_Check3,ShapeTypeChecker.ResolveShapeTypesForPbs,toku/sekkei/src/Fysk01.c,PBS専用の形状タイプ変換一覧作成(type_tbl3展開)/Type_Check2と同型でSTM並べ替えなし
構造体,Type_T3,ShapeTypeVariant,usr/include/toku/sekkei/fyrt819.h,PBS形状タイプ変換の1シンボル分設定(sym/su/typ[4])/Type_T2と共用
テーブル,type_tbl3,ShapeTypeTables.PbsConversionTable,usr/include/toku/sekkei/fyrt819.h,PBS専用の形状タイプ変換テーブル本体
構造体/モデル,FYDF810,ReservedWordMaster,toku/include/common/fydf810.h,予約語マスタ(タイプ使用有無チェック用)
フィールド,tg[].ksenkbn,ReservedWordMaster.SelectionElementKinds,toku/include/common/fydf810.h,タイプ枠ごとの機器選定要素区分
関数,Fysk08_Get_YoyakugoFile,ReservedWordMasterLoader.ParseReservedWordMaster,toku/sekkei/src/Fysk08.c,予約語ファイル固定長テキストの読込
関数,Fysk01_Type_Check,ShapeTypeSelector.Select,toku/sekkei/src/Fysk01.c,タイプチェック本体/ハンドルロック・使用有無・変換形状を統合
関数,Fysk01_HandleRock_Check,ShapeTypeSelector.CheckHandleLock,toku/sekkei/src/Fysk01.c,ハンドルロック区分の対象位置を予約語表引きで判定
関数,Fysk08_Usetype_Check,ShapeTypeSelector.ApplyUseTypeMask,toku/sekkei/src/Fysk08.c,予約語マスタで未使用タイプ枠をクリア
関数,Fysk01_Keijyoutype_Check,ShapeTypeSelector.BuildConvertedShapeTypes,toku/sekkei/src/Fysk01.c,盤条件から選択番号を求め変換形状タイプ一覧を作成
構造体/モデル,Type_T,SelectionShapeVariant,toku/sekkei/src/fyrt819.h,選択番号ごとの形状タイプ列
構造体/モデル,Type_TBL,SelectionShapeTableEntry,toku/sekkei/src/fyrt819.h,予約語・位置・ハンドルロック位置・形状タイプ表
構造体/モデル,type_tbl,ShapeTypeTablesForSelection.ConversionTable,toku/sekkei/src/fyrt819.h,予約語→変換形状タイプ表の集合
構造体/モデル,,ShapeTypeCheckResult,toku/sekkei/src/Fysk01.c,タイプチェック結果(データ/変換タイプ・数・位置・ハンドルロック)
構造体/モデル,FYDF812,NearestRankReference,toku/include/common/fydf812.h,直近上下位参照ファイル(機器選定の候補検索マスタ・レコード長300)
フィールド,key.tjg.ptype[7][7],NearestRankReference.ParameterTypes,toku/include/common/fydf812.h,パラメータタイプ7枠(検索キーの一部)
フィールド,teikkey[80],NearestRankReference.EquipmentMasterRatingKey,toku/include/common/fydf812.h,選定結果として機器マスタ検索に渡す定格キー
関数,FyIsamGStartR/FyIsamGNextR(直近上下位走査),NearestRankReferenceLoader.ParseNearestRankReference,toku/sekkei/src/Fysk01.c,FYDF812固定長テキストを全レコード読込みメモリ常駐化
構造体/モデル,kyoyojg,NearestRankSharedInfo,toku/include/common/fydf812.h,共用情報部(電源区分・感度電流・一次二次制御電圧の生値)
構造体/モデル,kyoyojg_s,NumericSharedInfo,toku/sekkei/src/Fysk01.c,共用情報の数値化結果(電圧値をdouble化・区分をコピー)
関数,Fysk01_Change_Chokin,SharedInfoConverter.Convert,toku/sekkei/src/Fysk01.c,共用情報の生値を数値化(原典のコピー仕様と感度電流3枠を忠実再現)
フィールド,jg.ksadkbn,NearestRankSharedInfo.MainPowerSharedAcDc,toku/include/common/fydf812.h,主回路電源の交流直流区分(共用)
フィールド,jg.kcadkbn,NearestRankSharedInfo.ControlPowerSharedAcDc,toku/include/common/fydf812.h,制御電源の交流直流区分(共用)
フィールド,jg.km.kyomad[4],NearestRankSharedInfo.SensitivityCurrents,toku/include/common/fydf812.h,感度電流4枠(生値・数値化時は3枠のみ保持)
フィールド,jg.kv1,NearestRankSharedInfo.PrimaryVoltageValues,toku/include/common/fydf812.h,一次電圧値3枠と区分2枠
フィールド,jg.kv2,NearestRankSharedInfo.SecondaryVoltageValues,toku/include/common/fydf812.h,二次電圧値4枠と区分3枠
フィールド,jg.kvc,NearestRankSharedInfo.ControlVoltageValues,toku/include/common/fydf812.h,制御電圧値4枠と区分3枠
構造体/モデル,CMP_1/CMP_2/CMP_3,RatingComparisonState,toku/sekkei/src/Fysk01.c,定格値チェックが設定する比較用グローバル値(AT系2枠/AT系/電圧)
関数,Fysk02_Check_Teikakuchi,RatingValueChecker.Check,toku/sekkei/src/Fysk02.c,定格値チェックの入口(予約語種別flagで下請けへ分岐)
関数,Fysk02_Check_Teichi_ALL,RatingValueChecker.CheckAll,toku/sekkei/src/Fysk02.c,通常予約語の定格値チェック(展開情報を走査し各項目を判定)
関数,Fysk02_Check_Teichi_Part,RatingValueChecker.CheckPart,toku/sekkei/src/Fysk02.c,各項目の定格値チェック(直近上下位値と電気パラメータ値を比較・CMP退避・ma処理)
関数,GLE_Check,RatingValueChecker.GateCheck,toku/sekkei/src/Fysk02.c,比較記号判定(1=一致/2=以上/3=以下)
関数,Fysk01_Check_Hinmei,ProductNameChecker.Check,toku/sekkei/src/Fysk01.c,品名一致チェック(未指定時は絞り込みなし/指定時は25桁一致判定)
関数,Fysk01_Chokkin_Read_Check,NearestRankSearch.Search,toku/sekkei/src/Fysk01.c,直近上下位参照ファイル検索の入口(TM/THSW専用検索とその他へ分岐)
関数,Fysk01_Chokkin_Read_Check_ALL,NearestRankSearch.SearchFirstMatch,toku/sekkei/src/Fysk01.c,主/複/制御回路用の候補抽出(前方一致した最初の適合候補を採用)
関数,Fysk01_Chokkin_Read_Check_TMS,NearestRankSearch.SearchClosestByMidpoint,toku/sekkei/src/Fysk01.c,TM/THSW専用の候補抽出(幅を持つ候補は中点距離で最良1件選択)
関数,Fysk0a_CmpMojisu_Get,NearestRankSearch.ComputeCompareSize,toku/sekkei/src/Fysk0a.c,定格値比較文字数の作成(入力ありかつ選択区分-3/-1でない項目の幅を積上げ)
構造体,TCHI_TBL,RatingCheckTable,toku/include/sekkei/fyrt814.h,予約語別の定格値チェック情報(proc_no/cpsize/flag/seten/展開情報)
関数,Fysk02_Check_Teichi_SC,RatingValueChecker.CheckSc,toku/sekkei/src/Fysk02.c,予約語SC(短絡容量/コンデンサ)の定格値チェック
関数,Fysk02_Check_Teichi_WH,RatingValueChecker.CheckWh,toku/sekkei/src/Fysk02.c,予約語WH(電力量計)の定格値チェック(一次側有無で経路分岐)
関数,Fysk02_Check_Teichi_VM,RatingValueChecker.CheckVm,toku/sekkei/src/Fysk02.c,予約語VM(電圧計)の定格値チェック(区分Aのみ判定するdangling-else仕様を踏襲)
関数,Fysk02_Check_Teichi_AM,RatingValueChecker.CheckAm,toku/sekkei/src/Fysk02.c,予約語AM(電流計)の定格値チェック(CT有無で大小判定)
関数,Fysk02_Check_Teichi_TR,RatingValueChecker.CheckTr,toku/sekkei/src/Fysk02.c,予約語TR(変圧器)の定格値チェック(項目16は固定オフセット15を使用)
関数,Fysk02_Check_Teichi_CR,RatingValueChecker.CheckFourPlusContact,toku/sekkei/src/Fysk02.c,予約語CR/TS/KPRY共通の定格値チェック(接点計算不要なら後半3項目も判定)
関数,Fysk02_Check_Teichi_TS,RatingValueChecker.CheckFourPlusContact,toku/sekkei/src/Fysk02.c,予約語TS(タイムスイッチ)の定格値チェック(CRと同一処理)
関数,Fysk02_Check_Teichi_KPRY,RatingValueChecker.CheckFourPlusContact,toku/sekkei/src/Fysk02.c,予約語KPRY(補助リレー)の定格値チェック(CRと同一処理)
関数,Fysk02_Check_Teichi_TM,RatingValueChecker.CheckTm,toku/sekkei/src/Fysk02.c,予約語TM(タイマ)の定格値チェック(先頭の時間単位判定は戻り値無視/オフセット据置)
関数,Fysk02_Check_Teichi_BZ,RatingValueChecker.CheckBz,toku/sekkei/src/Fysk02.c,予約語BZ(ブザー)の定格値チェック(区分Aで判定項目を切替)
関数,Fysk02_Check_Teichi_BEL,RatingValueChecker.CheckBel,toku/sekkei/src/Fysk02.c,予約語BEL(ベル)の定格値チェック(区分Aで判定項目を切替)
関数,Fysk02_Check_Teichi_MV,RatingValueChecker.CheckMv,toku/sekkei/src/Fysk02.c,予約語MV(電磁弁)の定格値チェック(区分Aで判定項目を切替)
関数,Fysk02_Check_Teichi_THSW,RatingValueChecker.CheckThsw,toku/sekkei/src/Fysk02.c,予約語THSW(サーマルスイッチ)の定格値チェック(TMと同型/時間単位判定は戻り値無視)
関数,Fysk00_Area_Rewrite,CircuitAreaRewriter.Rewrite,toku/sekkei/src/Fysk00.c,上位/下位機器の数値電気パラメータを回路側へ書き戻す統括(WK_STRUCT3フラグでAT/A/AF/MA/AM選択)
関数,Fysk00_Set_Kairo,CircuitAreaRewriter.SetKairo,toku/sekkei/src/Fysk00.c,シンボルに対応する回路側項目へGet_Datachi値を動的書式(%0ln.dlnf)で整形し格納
関数,Fysk00_Set_Datachi,CircuitAreaRewriter.SetDatachi,toku/sekkei/src/Fysk00.c,回路側項目番号(8af/9at/11a2/16-18ma/28am)のeparmgフィールドへ整形済み文字列をmemcpy相当で格納
構造体,WK_STRUCT3,AreaRewriteFlags,toku/include/sekkei/fyrt814.h,回路書き戻し指示フラグ(at/a2/af/ma/am 各[2]=上位/下位機器)
構造体,KAIRO_T,CircuitAreaRewriter.CircuitFieldMap,toku/include/sekkei/fyrt817.h,回路書き戻し項目定義(symb/ln桁数/dln小数桁/kno回路側項目番号)
関数,Fysk00_ph,IncomingPhaseResolver.Resolve,toku/sekkei/src/Fysk00.c,主回路レコード列を上流へ遡り最初の入線(P)の相数を取得(三相四線なら自機器の回路相数kpaph・入線無しは単相1)
関数,Fyss35_Select_Karyu_Sub,DownstreamSelector.SelectDownstream,toku/sekkei/src/Fyss35.c,指定データ追番の下流(oyatnoが指定機器より大きく連続する)データ追番一覧を抽出(系統種別1以外/範囲外はnull)
関数,Stoi,EquipmentParameterFormatter.Stoi,toku/sekkei/src/Fysk09.c,固定長文字列の先頭size文字をatoi(整数化)する補助関数
関数,Fysk00_Make_Keiki,MeterCircuitBuilder.AssignCapacities,toku/sekkei/src/Fysk00.c,計器回路機器(PLTR/VT/CT/F/DSW)の負荷容量VA・二次電流A2を下流teiwva積上げで主回路電気パラメータに設定
構造体,WK_Keiki,MeterCircuitEntry,toku/include/sekkei/fyrt814.h,計器回路機器の該当レコード情報(rec:主回路添字/katei:処理状態0未1設定済2サーチ済)
関数,Fysk00_Set_VA_W,StackingCapacityResolver.Resolve,toku/sekkei/src/Fysk00.c,VA積上げBASE機器を判定し定格容量(AC=teiva0/DC=teiw)又は負荷容量VAを回路ワークteiwvaへセット(回路要素1は対象外0)
フィールド,hojg.teiva[0],EquipmentMaster.RatedCapacityAcVa,toku/include/common/fydm805.h,機器マスタ補助情報の定格容量(AC)VA(offset244幅7)
フィールド,hojg.teiw,EquipmentMaster.RatedCapacityDcW,toku/include/common/fydm805.h,機器マスタ補助情報の定格容量(DC)W(offset258幅7)
構造体,WK_STRUCT1,SelectionWorkParameters,toku/include/sekkei/fyrt814.h:47,機器選定検索用ワーク構造体(負荷容量/通電電流/相数/電圧/親P行相数)
関数,Set_WK1,SelectionWorkParametersBuilder.Build,toku/sekkei/src/Fysk00.c:4174,主回路データ1件からWK_STRUCT1を組み立て
関数,Fysk0f_GetOyaP,ParentEquipmentLocator.FindParentPRow,toku/sekkei/src/Fysk0f.c:35,親追番を辿り親機器(P行)主回路データを取得
関数,LibCharToShort,EquipmentParameterFormatter.Stoi,toku/lib/libfycom/cmnchar.c:1625,先頭len文字をatoi(SHORT変換)
メンバ,denryu,MainCircuitData.EnergizingCurrent,toku/include/common/fydf806.h:97,通電電流値(.99)
関数,Keiki_Check,MeterCircuitClassifier.TryClassifyMeter,toku/sekkei/src/Fysk00.c:3815,計器回路機器(CT/F/DSW/VT/PLTR)なら計器リストへ追加
関数,LGR_Check,MeterCircuitClassifier.TryClassifyLeakageGroundRelay,toku/sekkei/src/Fysk00.c:3857,回路数epak>0かつgyocd[1]!=PならLGRリストへ追加
関数,ZCT_Check,MeterCircuitClassifier.ClassifyZeroCurrentTransformer,toku/sekkei/src/Fysk00.c:3890,ZCT該当レコードを無条件でZCTリストへ追加
関数,Get_Kyotu_Maker,CommonMakerResolver.ResolveCommonMakers,Fysk00.c,LGRとZCTの共通メーカーコードを抽出/C原典のtmpz添字癖を忠実再現
構造体,FYDF802,MakerDesignation,fydf802.h,機器メーカー指定(予約語+メーカーコード順位表)
メンバ,key.yoyaku,MakerDesignation.ReservedWord,fydf802.h,予約語(8桁)
メンバ,mkcd,MakerDesignation.MakerCodes,fydf802.h,メーカーコード順位表(4件×3桁)
関数,PropSetDefLampType,LampDefaultTypeResolver.ResolveDefaultType,Fysk00.c,ランプ機器の既定タイプ判定(+()指定/NP無しはLED・NP有りは現行タイプ据置)
関数,PropTrimSpace,PropertyStringTrimmer.TrimSpaces,Fysk00.c,文字列前後の半角スペース(0x20)のみを除去(全角スペース・タブは対象外)
関数,FyGetZoneCD,IRuntimeParameterProvider.ZoneCode,fyzonecd.c,地区(工場)コード取得。C原典は環境変数ZONECDのgetenv、移行では設定ファイル経由に集約
関数,getenv,IRuntimeParameterProvider.GetValue,共通,実行時パラメータ(旧AIX環境変数)取得をOS非依存の設定ファイル源へ抽象化
関数,PropChgCTALMaker,CtAlBreakerMakerAdjuster.AdjustMakerCodes,Fysk00.c,暁工場3F(78007)でCT/AL付ハーフサイズブレーカのメーカーを三菱(M)に強制。ゾーンコードはIRuntimeParameterProvider経由
関数,PropAdjustMakerCode,MakerCodePriorityAdjuster.RemoveUnlistedCodes,Fysk00.c,メーカーコード選定順位から保存値に含まれないコードを除去し前詰め(元々持たないメーカーを除く)
関数,FyGetFacGrp,InMemoryFacilityAreaResolver.GetFacilityGroup,toku/lib/libfycom/getinterfdt.c,地区コードから地区グループを取得(未定義/情報無しは本社地区5)
関数,FyGetInterTbl,InterfdtFacilityAreaLoader.Parse,toku/lib/libfycom/getinterfdt.c,interfdt.infを解析し地区コード→地区グループのテーブルを生成(最大100件)
構造体/モデル,interf[][](地区情報テーブル),FacilityAreaEntry,toku/lib/libfycom/getinterfdt.c,地区情報定義1行(地区コード/地区グループ)
設定ファイル,interfdt.inf,InterfdtFacilityAreaLoader,TOKUD/interfdt.inf,地区情報定義表(カンマ区切り6項目)
関数,Fysk11_FYDF805_Keep,CircuitDescriptionArea(コンストラクタ),toku/sekkei/src/Fysk11.c,回路設計エリア(FYDF805)を保持(calloc/freeはGCに委譲)
関数,Fysk11_FYDF805_KkGet,CircuitDescriptionArea.GetDescriptionAt,toku/sekkei/src/Fysk11.c,行桁から対象機器の回路内容記述を取得(改訂2:1桁手前から/改訂4:削除行skip)
関数,Fysk11_FYDF805_KkGet_Mae,CircuitDescriptionArea.GetPrecedingDescription,toku/sekkei/src/Fysk11.c,対象機器の1個前の回路内容記述を取得(区切りカンマまたは--)
関数,Fysk11_FYDF805_KkGet_Ato,CircuitDescriptionArea.GetFollowingDescription,toku/sekkei/src/Fysk11.c,対象機器の1個後の回路内容記述を取得(区切りカンマまたは--)
構造体/モデル,mcthr_seltbl,StarDeltaCapacityEntry,toku/include/sekkei/struct.h,スターデルタMC/THR選定容量テーブル1行(電圧/出力容量/MC品名52-42-6/THRヒータ呼び容量)
関数,PropGetMcThrTblCnst,StarDeltaCapacityTableLoader.Parse,toku/sekkei/src/Fysk00.c,sel_mgsd.cnsを解析しMC/THR選定容量テーブルを生成
関数,PropSelChkMgsd,StarDeltaCapacitySelector.ApplyHeaterCapacity,toku/sekkei/src/Fysk00.c,負荷容量と回路電圧一致行のMC/THRヒータ呼び容量を電気パラメータへ設定
関数,FyCpHbHbnInfFileR(iraimei解決),FilePartNumberInfoRepository.Find,toku/compo/lib/clhbn_dir/clfilerw.c,依頼明細番号から品番情報(.clh)を取得するリポジトリ
関数,PropChangeWlKpav,WlCircuitVoltageAdjuster.Adjust,toku/sekkei/src/Fysk00.c,Fの子WLの回路電圧を河村製は005-それ以外はFの電圧へ変更
関数,PropChgFuseType_SY,FuseDefaultTypeResolver.Resolve,toku/sekkei/src/Fysk00.c,ヒューズのデフォルト機器タイプGT設定とメーカーFT調整と子WL電圧変更
関数,PropChgFuseType_SY2,SimpleFuseDefaultTypeResolver.Resolve,toku/sekkei/src/Fysk00.c,ヒューズ既定機器タイプ設定の簡易版(LAMP22無効時 タイプ指定なし特注でGT/MK無でFT)
関数,PropChgWlLampType,WlLampDefaultTypeResolver.Resolve,toku/sekkei/src/Fysk00.c,イズミ製WLランプの既定機器タイプ(RE/TR/WP/LED)と径サイズ電圧を設定
関数,PropChgWlTypeAndKei,WlLampDefaultTypeResolver.ApplyTypeAndRadius,toku/sekkei/src/Fysk00.c,WLランプのデフォルトタイプTRと径サイズ22/25と電圧を前段記述と電源から設定
関数,PropChkHbnPEKOB,WlLampDefaultTypeResolver.HasPekob,toku/sekkei/src/Fysk00.c,依頼明細番号の品番情報にPEKOBが含まれるか判定
構造体/モデル,kikijg,ControlEquipmentInfo,toku/include/common/fydf808.h,機器情報(制御仕様情報)の最小サブセット(予約語/記述行桁/タイプ/電気パラメータ)
関数,PropChgLampType,ControlLampDefaultTypeResolver.Resolve,toku/sekkei/src/Fysk00.c,イズミ製制御ランプの既定機器タイプ(RE/TR/AN/LED)と径サイズを設定
関数,PropChgSeigyolTypeAndKei,ControlLampDefaultTypeResolver.ApplyTypeAndRadius,toku/sekkei/src/Fysk00.c,制御ランプのデフォルトタイプTR/ANと径サイズ22を設定
関数,PropChgMALampType,MaruyasuLampRadiusResolver.Resolve,toku/sekkei/src/Fysk00.c,マルヤス製主回路ランプの径入力なしで径サイズを札幌22他25に設定
関数,PropChgMALampTypeC,MaruyasuLampRadiusResolver.ResolveControl,toku/sekkei/src/Fysk00.c,マルヤス製制御ランプの径入力なしで径サイズを札幌22他25に設定
構造体/モデル,lamp_seltbl,LampMakerEntry,toku/sekkei/src/Fysk00.c,ランプ機器優先メーカー切替テーブル1行(工場コード/予約語/メーカー4件)
関数,PropCnsLampRead,LampMakerTableLoader.Parse,toku/sekkei/src/Fysk00.c,sel_LAMP.cnsを解析しランプ優先メーカーテーブルを生成(照合はLampMakerPriorityResolver.ApplyFromTable)
関数,PropChgWlLampMaker,LampMakerPriorityResolver.Resolve,toku/sekkei/src/Fysk00.c,主回路WLランプの優先メーカーを地区と予約語で設定しsel_LAMPで上書き
関数,PropChgSeigyoLampMaker,LampMakerPriorityResolver.ResolveControl,toku/sekkei/src/Fysk00.c,制御RL/GL/OL/BLランプの優先メーカーを設定しsel_LAMPで上書き
関数,PropChgMcbType,BreakerTypeAdjuster.AdjustBranchMcbType,Fysk00.c,分岐MCBを単相2/3線電源で協約型KY/KMに変更
関数,PropChgOyaMcbType,BreakerTypeAdjuster.AdjustParentMcbType,Fysk00.c,1P3Wで3P子分岐を持つ主幹を経済型ET/KYに変更
関数,PropChgPluginType,BreakerTypeAdjuster.AdjustPluginType,Fysk00.c,プラグインCH/CHPの接続相NOTHINGをRNに変更
関数,PropChgM10AfBreaker,BreakerTypeAdjuster.AdjustM10AfBreaker,Fysk00.c,三菱/協約3PのELB10AFを50AFとして選定
関数,PropChgLaClass1Type,BreakerTypeAdjuster.AdjustLaClass1Type,Fysk00.c,LA CLASS1のタイプ2未設定時にRSを設定
関数,PropChgRtrMaker,EquipmentMakerOverrideAdjuster.AdjustRtrMaker,Fysk00.c,フル2線メーカー未指定RTRを松下Dに固定
関数,PropChgRmcbMaker,EquipmentMakerOverrideAdjuster.AdjustRmcbMaker,Fysk00.c,コンポ仕様メーカー未指定RMCBを松下Dに固定
関数,PropChgNL63Maker,EquipmentMakerOverrideAdjuster.AdjustNl63Maker,Fysk00.c,KM/TLタイプ非KNのMCB先頭にKKYを挿入し件数増
関数,PropChgWHMaker,EquipmentMakerOverrideAdjuster.AdjustWhMaker,Fysk00.c,QrespoPlusの1P2W210WHをMS/MN/M/ONに変更
関数,PropChgINVBPMaker,EquipmentMakerOverrideAdjuster.AdjustInvbpMaker,Fysk00.c,INVBPのMC/THRを負荷容量で三菱MN/MSに固定
関数,PropChgGPNMaker,EquipmentMakerOverrideAdjuster.AdjustGpnMaker,Fysk00.c,制御GP/GPN/APNのOM直前にOMNを挿入
フィールド,tokkbn,MainCircuitData.SpecialReservedWordKind,fydf806.h,特殊予約語区分(7=INVBP等)を主回路データに追加
関数,PropChgWHType,McWhElectricalAdjuster.AdjustWhType,Fysk00.c,WHでKMタイプ有時に表示タイプ2をクリア
関数,PropChgMcMaker,McWhElectricalAdjuster.AdjustMcMaker,Fysk00.c,大陸TA製MCを三菱固定し3P50A+SKタイプを選定
関数,PropChgTAMC_epav2,McWhElectricalAdjuster.AdjustTaMcVoltage,Fysk00.c,大陸TA製MCの定格電圧/制御電圧を強制設定
関数,PropWhmFukaDenFromChild,McWhElectricalAdjuster.AdjustWhmFukaDenFromChild,Fysk00.c,1P2WのWHMを子のLV200から定格電圧200に設定
関数,PropChgTsType,SpecialBreakerTypeResolver.AdjustTsType,Fysk00.c,松下製TSでタイプ指定なし時に主回路/制御のタイプ2をMTに
関数,PropChg400vBreaker,SpecialBreakerTypeResolver.Adjust400vBreaker,Fysk00.c,400V以上ブレーカを経済型ETと主電源/フレーム容量でメーカー調整
関数,PropChgF2Breaker,SpecialBreakerTypeResolver.AdjustF2Breaker,Fysk00.c,耐熱ブレーカ225ATを250AT/250AFで選定(三菱のみ)
コンスタント,eigyocd.cns,EigyocdTableLoader,eigyocd.cns,営業所コード識別テーブルを解析(PropChkHibknNum読込部)
コンスタント,whm_sentei.cns,WhmSenteiTableLoader,whm_sentei.cns,三菱製WH優先営業所テーブルを解析(現行は全行コメントで空)
構造体/モデル,eigyocd.cns行,NonPropertyOfficeEntry,eigyocd.cns,非物件コードと営業所コード一覧の1行
関数,PropChkHibknNum,MitsubishiWhmPriorityChecker.Check,Fysk00.c,営業所コードから非物件コード経由で三菱製WH優先営業所か判定
関数,PropTrimSpace,EigyocdTableLoader内Trim,Fysk00.c,文字列前後の空白除去(ローダ内Trimに吸収)
関数,PropSelNewONWhm,OhsakiWhmMakerResolver.Resolve,Fysk00.c,非優先営業所の50HzWHを大崎製ON/Oに変更しKE型設定
関数,Fysk0a_EparInput_Check,ElectricalParameterInputChecker.Check,Fysk0a.c,電気パラメータ入力有無をsfgに立てepno(1/2)を返す
関数,Fysk01_Type_Check2,ShapeTypeExpander.Expand,Fysk01.c,データタイプを予約語別テーブルで形状タイプに展開
テーブル,type_tbl2,ShapeTypeExpander.Table,fyrt819.h,形状タイプ展開テーブル(予約語→ichi/代替タイプ)
関数,Fysk01_Kikisearch_S1,NearestRankSelector.SelectMain,Fysk01.c,主回路/複合回路の機器選定(epno判定→検索→戻り1/2/3/4)
関数,Fysk01_Chokisearch,NearestRankSelector.Dispatch,Fysk01.c,予約語/proc_noで直近上下位検索方式を分岐
関数,Fysk01_Chokisearch_ALL,NearestRankSelector.SearchGeneral,Fysk01.c,汎用の直近上下位検索(メーカー/形状の総当たり)
関数,Fysk01_Chokisearch_BRK,NearestRankSelector.SearchBreaker,Fysk01.c,遮断器専用の直近上下位検索(二次形状/形状/メーカー順)
関数,Fysk01_Chokkin_Read_Check_MTG,NearestRankSearch.SearchMotorGroup,Fysk01.c,MTG専用の候補best選定(proc別に電流幅/電圧/定格キーで比較)
関数,Fysk01_Chokisearch_MTG,NearestRankSelector.SearchMotorSwitch,Fysk01.c,THR/MC/MG/MGSD専用の直近上下位検索(cross-key best選定)
関数,Fysk01_Type_Check3,ShapeTypeExpander.ExpandSecondary,Fysk01.c,PBSのタイプ位置3を追加展開(type_tbl3)
テーブル,type_tbl3,ShapeTypeExpander.Table3,fyrt819.h,PBSタイプ位置3展開テーブル(1A/2A/1A1B等)
関数,Fysk01_Chokisearch_PBS,NearestRankSelector.SearchPushButton,Fysk01.c,PBS専用の直近上下位検索(形状/ti3/ti2の総当たり)
関数,Fysk01_Chokisearch_CT,NearestRankSelector.SearchCurrentTransformer,Fysk01.c,CT専用の直近上下位検索(定格電流をn倍スケール探索)
関数,Fysk07_File_Write_ALL,GoldenMasterComparer.Compare,Fysk07.c,5出力ファイル(FYDF806-811)のゴールデンマスタ比較エンジン(datajgマスク付)
構造体,datajg,GoldenMasterLayout.DatajgLength,fycommon.h,登録情報36バイト(termid/date/time・比較時マスク領域)
定義,FNAME_SY/FU/SE/RO/KO,GoldenMasterFileKind,fyrt808.h,FYDF806-811の5出力ファイル種別列挙
関数,Fyss30_MattanKubun_Set,TerminalKindSetter.SetTerminalKind,toku/sekkei/src/Fyss30.c,末端区分(mattan)セット。P系統で自datanoが親oyatnoに不在→末端。SC単独末端は直前直列機器へ付け直し(MGSD/MCSD有時除外)
関数,Fyss30(SC付け直し内側),TerminalKindSetter.ReattachTerminalToPrevious,toku/sekkei/src/Fyss30.c,SC末端を直前へ付け直す内側処理。階層/並列一致で移送(負荷未設定なら付属パラメータ移送)/不一致は後方有効負荷無時のみ
関数,Fyss32_SC_NT_Tumiage_Set,UpstreamStackingKindSetter.SetUpstreamStackingKind,toku/sekkei/src/Fyss32.c,上流積み上げ区分(jagekbn)セット。K→1再セット/他クリア→SC・NTの直列最上位へ1(直列追番1は自身/他はi-(cno-1))→末端でないSCは0KW以外で1
関数,Fyss34_MattanGyouSento_Set,LeadingEquipmentFlagSetter.SetLeadingEquipmentFlag,toku/sekkei/src/Fyss34.c,末端回路行種先頭機器フラグ(sentflg)セット。末端機器の同一行種グループで回路要素1/5の階層×1000+直列追番が最小の機器群に1(計器WH kiryoso3/CT kiryoso2は対象外)
構造体,sk_work.sentflg,CircuitWork.LeadingEquipmentFlag,fyrt800.h,末端回路行種先頭機器フラグ(' ':非先頭 '1':先頭)
関数,set_denryu,EnergizingCurrentCalculator.TryCalculate,toku/sekkei/src/Fyss31.c,負荷容量から通電電流値算出。負荷種類(M/H/S/HA/FL/NA/TR/YA/YS)別に回路電圧・相数で分岐(電動機は容量帯別pow近似・MG/INVBP/製作仕様の強制値)
関数,Fyss33_KikiSentei_Set,EquipmentSelectionKindSetter.SetEquipmentSelectionKind,toku/sekkei/src/Fyss33.c,機器選定区分(kikiskbn)・始動回路区分(startkbn)セット。本体+Shori1(複数負荷源→2)+Shori2+Shori3(負荷伝播/始動区分)+Shori4(電動機コピー)集約。Shori2第1ループは==誤りでデッド
関数,Fyss36_Set_Seki,AccumulationAreaSetter.SetLoadSourceAccumulation,toku/sekkei/src/Fyss36.c,負荷発生元の通電電流値・負荷容量を積算エリア(sk_area)へセット。相×機器種別でA-Eに電流/M・Sに負荷容量。Get_Pdno/Get_Are1/Get_Are2を内包
関数,Fyss36_Get_Are1,AccumulationAreaSetter.GetArea1,toku/sekkei/src/Fyss36.c,相積算エリア(R/S/T/X/Y/N)フラグ判定。データ追番・グループ親・P系統の回路相数/線式/極数の組み合わせ15条件
関数,Fyss36_Get_Are2,AccumulationAreaSetter.GetArea2,toku/sekkei/src/Fyss36.c,機器種別積算エリア(A/B/C/D/E/M/S)フラグ判定。負荷容量有無・負荷種類M・相数で分岐
構造体,sk_work.sk_area/seki_area,CircuitWork.AccumulationSlots/AccumulationArea,fyrt800.h,積算エリア6スロット(相R/S/T/X/Y/N)。各a-e/m/s(A-Eに通電電流値・M/Sに負荷容量)
関数,Fyss36_Get_Seki,AccumulationAreaSetter.PropagateCurrentFromLoadSource,toku/sekkei/src/Fyss36.c,通電電流値が0の末端は上流の負荷発生元('1')まで遡り通電電流値・積算エリアを対象と途中機器へ伝播。負荷発生元不在は安全終了(C原典はUB)
関数,Fyss36_MattanKairo_Iset,AccumulationAreaSetter.SetTerminalCircuitCurrent,toku/sekkei/src/Fyss36.c,末端回路の通電電流値算出オーケストレータ。負荷発生元積算セット→末端伝播→先頭機器の通電電流積算→SC系統積算(Fyss3A/Chk_Yoyaku・Prc_Seksan委譲)の4ループ統括
構造体,fyrt812/FYRT812,LoadCapacityDecisionTable/LoadCapacityEntry,fyrt812.h,負荷容量決定テーブル41件(予約語/電気パラメータ優先順位ep_pry[5]/予約語優先順位pry/負荷電流算出係数kei)。Fyss31/Fyss37共用
関数,Fyss37_Get_Fuka/Get_DenIa/Get_DenIb/Kei_TR/Set_Tden/Set_Sden,TerminalCurrentIntegrator,toku/sekkei/src/Fyss37.c,通電電流積算の電流計算リーフ群。FYRT812優先解決/電流Ia(係数08)/Ib(積算エリア相和)/TR係数(V2/V1)/通電電流値/設定電流値Is算出
関数,Fyss37_I_Set_Sub/Seki_Tsumi/Chk_Break/Mat_flg,TerminalCurrentIntegrator.IntegrateCurrent,toku/sekkei/src/Fyss37.c,通電電流積算本体。下流負荷発生元の積算エリアを親へ積上げ(seki_flag管理)、ブレーカ定格超過相はIa=定格×0.8で頭打ち、TR係数倍、通電/設定電流値セット
関数,set_fky/get_ep,LoadSourceSelector.SelectLoadCurrent,toku/sekkei/src/Fyss31.c,負荷発生元の負荷容量決定。FYRT812で予約語検索→優先順位1-3順に電気パラメータ選定→get_epで電流化(AT/A1/A2は係数×値/W/VAはset_denryu)。戻り0選定/1値無/2優先低/3表外
構造体,prmtp,ParameterSettingType,toku/include/sekkei/fyss3g01.h,パラメータ設定タイプ(予約語yoyaku/seq_no/prm_tp/設定フラグcod[10])。電流パラメータのセット処理タイプを保持
構造体,sqset,WireSizeSetting,toku/include/sekkei/fyss3g01.h,電線サイズ設定(電線サイズsq/許容電流denryu/選定sentei)
構造体,a2set,RatedCurrent2Setting,toku/include/sekkei/fyss3g01.h,定格電流２設定(負荷種類fpalw1/回路相数kpaph/回路圧kpa/定格電流算出係数kei)
構造体,a1set,RatedCurrent1Setting,toku/include/sekkei/fyss3g01.h,定格電流１設定(標準定格電流key)
関数,Fyss3G_CnsPrmtpRead,CurrentParameterTableLoader.ParseParameterSettingTypes,toku/sekkei/src/Fyss3G.c,amp001.cns読込。先頭2行スキップ後sscanf(%8s/%hd計12)。sscanf成否に関わらず1行1ノード追加し失敗時は直前値持ち越し
関数,Fyss3G_CnsSQsetRead,CurrentParameterTableLoader.ParseWireSizeSettings,toku/sekkei/src/Fyss3G.c,amp002.cns読込。sscanf(%lf/%lf/%hd)。最初の変換失敗で以降中断し直前値持ち越し
関数,Fyss3G_CnsA2setRead,CurrentParameterTableLoader.ParseRatedCurrent2Settings,toku/sekkei/src/Fyss3G.c,amp003.cns読込。sscanf(%2s %lf/%hd/%2s)。2文字負荷種類は幅2で桁落ちし係数/電圧/相数を直前行から持ち越す(HA等)
関数,Fyss3G_CnsA1setRead,CurrentParameterTableLoader.ParseRatedCurrent1Settings,toku/sekkei/src/Fyss3G.c,amp004.cns読込。先頭2行のみスキップのため3行目コメントが数値行化し先頭要素が0になる
関数,Fyss3G_Set_MCB,CurrentParameterSetter.SetMcb,toku/sekkei/src/Fyss3G.c,電流パラメータセット(MCB/RMCB/CP/SB/HPSB/HSB)。ep[2]AT/AF・HPSB系AM設定後ep[1]生成。dwork==誤記バグを忠実再現
関数,Fyss3G_Set_ELB,CurrentParameterSetter.SetElb,toku/sekkei/src/Fyss3G.c,電流パラメータセット(ELB/RELB)。ep[2]AT/AFと感度電流設定後ep[1]生成
関数,Fyss3G_Set_MMCB,CurrentParameterSetter.SetMmcb,toku/sekkei/src/Fyss3G.c,電流パラメータセット(MMCB/RMMCB/NHMB)。ep[2]AT/AF後ep[1]生成(W1有はSet_IMで電動機電流)。NHMBはAF設定なし
関数,Fyss3G_Set_ELMB,CurrentParameterSetter.SetElmb,toku/sekkei/src/Fyss3G.c,電流パラメータセット(ELMB/RELMB)。MMCB(W1/Set_IM)とELB(感度電流)の複合処理
関数,Fyss3G_Check_fyrt800,CurrentParameterSetter.ComputeParameterFlags,toku/sekkei/src/Fyss3G.c,ep[0]入力有無からパラメータ設定要否prm1/prm2を判定。ahassei='1'かつ設定要でprm2=0
関数,Fyss3G_Set_IM,CurrentParameterSetter.ComputeInductionMotorCurrent,toku/sekkei/src/Fyss3G.c,負荷容量W1から電動機/ヒータの負荷電流値算出。三相/単相と回路電圧で係数分岐
関数,PropSetELBKando,CurrentParameterSetter.SetElbSensitivity,toku/sekkei/src/Fyss3G.c,親P行の回路相数を取得しFysk0e_SetELBkandoで漏電ブレーカ感度電流を設定
関数,Fysk0e_SetELBkando,CurrentParameterSetter.ApplyElbSensitivity,toku/sekkei/src/Fysk0e.c,回路相数/フレーム電流/データタイプ(EV)から感度電流MA[0]決定(0015/0030/0100/0200)
クラス,Fyss3G_Cns*Seek群,CurrentParameterTableSeeker,toku/sekkei/src/Fyss3G.c,電流パラメータCNSテーブル検索とFYRT812チェックを束ねる静的クラス
関数,Fyss3G_CnsPrmtpSeek,CurrentParameterTableSeeker.SeekParameterSettingType,toku/sekkei/src/Fyss3G.c,予約語(8バイト右詰め)一致の最初のパラメータ設定タイプを返す。無しはnull
関数,Fyss3G_CnsSQsetSeek,CurrentParameterTableSeeker.SeekWireSize,toku/sekkei/src/Fyss3G.c,key=通電電流*1.12で許容電流>=key且つ選定フラグ0の最初の電線サイズを返す
関数,Fyss3G_CnsA2setSeek,CurrentParameterTableSeeker.SeekRatedCurrent2Coefficient,toku/sekkei/src/Fyss3G.c,負荷種類/回路電圧/相数一致の定格電流2算出係数を返す。区分判定は先頭records[0]参照
関数,Fyss3G_CnsA1setSeek,CurrentParameterTableSeeker.SeekRatedCurrent1,toku/sekkei/src/Fyss3G.c,key超の最初の定格電流を返す。該当無しは末尾ノードの定格電流
関数,Fyss3G_Check_fyrt812,CurrentParameterTableSeeker.CheckLoadCapacityTable,toku/sekkei/src/Fyss3G.c,ブレーカ系14予約語一致且つ機器選定区分1且つ負荷種類有で1(スキップ)を返す
関数,Fyss3G_Set_THR,CurrentParameterSetter.SetThr,toku/sekkei/src/Fyss3G.c,電流パラメータセット(THR/2ERY/3ERY/4ERY)。主回路はep[2]ATに通電電流。ep[0].AT無かつW1有はSet_IMで生成
関数,Fyss3G_Set_MG,CurrentParameterSetter.SetMg,toku/sekkei/src/Fyss3G.c,電流パラメータセット(MG/MGFR/MGSD/MGFRSD)。ep[2]ATと通電電流とA2SET係数の積のA2設定後ep[1]生成
関数,Fyss3G_Set_WH,CurrentParameterSetter.SetWh,toku/sekkei/src/Fyss3G.c,電流パラメータセット(WH)。回路要素で主回路(A2=30/120)と計器回路(A1=A1SET検索/A2=5)を分岐
関数,Fyss3G_Set_CON,CurrentParameterSetter.SetCon,toku/sekkei/src/Fyss3G.c,電流パラメータセット(CON/ZCT)。ep[2].A2に通電電流値を設定
関数,Fyss3G_Set_MCDT,CurrentParameterSetter.SetMcdt,toku/sekkei/src/Fyss3G.c,電流パラメータセット(MCDT)。ep[2].A2=通電電流値の1.25倍
関数,Fyss3G_Set_F,CurrentParameterSetter.SetF,toku/sekkei/src/Fyss3G.c,電流パラメータセット(F)。ep[2].A2は通電3A未満で3A/以上は通電電流値
関数,Fyss3G_Set_ELR,CurrentParameterSetter.SetElr,toku/sekkei/src/Fyss3G.c,電流パラメータセット(ELR)。ep[0].MA未設定時に通電100A以下30mA/超200mA
関数,Fyss3G_Set_LGR,CurrentParameterSetter.SetLgr,toku/sekkei/src/Fyss3G.c,電流パラメータセット(LGR)。ep[0].MA未設定時に200mAを設定
関数,Fyss3G_Set_TS,CurrentParameterSetter.SetTs,toku/sekkei/src/Fyss3G.c,電流パラメータセット(TS)。A2=15A固定/prm1onでep[1].A2にep[0].A2複写
関数,Fyss3G_Set_SU,CurrentParameterSetter.SetSu,toku/sekkei/src/Fyss3G.c,電流パラメータセット(PBSU/COSU/2COSU/OLU)。A2=1.5A固定/prm1onでep[1].A2複写
関数,Fyss3G_Set_SSW,CurrentParameterSetter.SetSsw,toku/sekkei/src/Fyss3G.c,電流パラメータセット(SSW/LSW/DSW/TSW)。ep[2].A2に通電電流値を設定
関数,Fyss3G_Set_CKS,CurrentParameterSetter.SetCks,toku/sekkei/src/Fyss3G.c,電流パラメータセット(CKS)。prm2offで設定電流有はその値/無は通電電流値をA2設定
関数,Fyss3G_Set_L,CurrentParameterSetter.SetL,toku/sekkei/src/Fyss3G.c,電流パラメータセット(L)。ep[2].A2は通電40A未満で30A/以上は60A
関数,Fyss3G_Set_TB,CurrentParameterSetter.SetTb,toku/sekkei/src/Fyss3G.c,電流パラメータセット(TB/LGT)。A2に通電電流値・電線サイズSQをCnsSQsetSeekで決定/改訂<9>動力三相の負荷容量帯補正・改訂<7>26.669～26.876帯は30.1補正
関数,Fyss3G_Set_TR,CurrentParameterSetter.SetTr,toku/sekkei/src/Fyss3G.c,電流パラメータセット(TR)。datatype[0]未設定でVA<=500はRO/ep[2].VA未設定は下流の負荷種類Mを積算しVA=lw2*1.5(原典ret代入バグ再現)
関数,Fyss3G_Set_RRY,CurrentParameterSetter.SetRry,toku/sekkei/src/Fyss3G.c,電流パラメータセット(RRY)。datatype[1]==LAは16A固定/親を遡り同一階層でAT設定済の親ATを複写・無ければ通電電流値をA2設定
関数,Fyss3G_Set_AM,CurrentParameterSetter.SetAm,toku/sekkei/src/Fyss3G.c,電流パラメータセット(AM)。datatype[0]延長目盛り(BOMS電動機/改訂<5>ヒータ三相/改訂<11>特定ゾーンで3BK・他はNBK)・datatype[6]電源種別(AC/DC)・主回路A2は1.2倍後に製作仕様別境界補正・計器回路CT付きはA1SET検索でA2は5固定
関数,Fyss3G_Set_CT,CurrentParameterSetter.SetCt,toku/sekkei/src/Fyss3G.c,電流パラメータセット(CT)。主回路はep[2].A1にA1SET検索値(同一階層AM回路要素2有は1.2倍)・計器回路CT付きはA2=5固定/同一機器認識番号の相手とep[2]A1A2を相互補完/1996追加処理で計器回路WH-AMのep[0]A1を継承/改訂<4>でWH用CTはVA未入力時15VA
関数,Fyss3G_Set_MC,CurrentParameterSetter.SetMc,toku/sekkei/src/Fyss3G.c,電流パラメータセット(MC)。SC有りは製作仕様別にA2算出(Set_MC_SC=SetMcSc内包/%lf→SHORT未定義動作をAIXビッグエンディアンで再現)・INVBP改訂<13>は負荷容量帯でA2強制・他はA2SET係数積/ep[0]A2未設定かつW1有はep[1]A2を負荷種類から算出
関数,Fyss3G_Denryuu_Parm_Set,CurrentParameterDispatcher.DispatchCurrentParameters,toku/sekkei/src/Fyss3G.c,電流パラメータ設定ディスパッチャ本体。系統種別1・kubunで回路要素をフィルタしCheck_fyrt812でスキップ判定後prm_tp(amp001.cns)を検索し予約語別セッタへ振り分け。CNSテーブル4種/ゾーンコード/製作仕様区分は引数注入・MGFRはMG系caseに非含で既定no-op・DCPWは空関数no-op・CKSはprm1を渡す
関数,Fyss3B_Breaker_Sentei,TerminalBreakerSelector.PrepareSelectionFlags,toku/sekkei/src/Fyss3B.c,末端回路ブレーカ機器選定のフラグ設定部。負荷容量決定テーブル該当かつMC以外・外部取付なし・機器選定区分1・負荷種類ありなら機器選定指示フラグksflgと機器サーチフラグkikisflgを1に設定。先頭機器フラグsentflg1かつ外部取付なしでも設定
関数,Fyss3B_Breaker_Sentei,TerminalBreakerSelector.SelectBreakers,toku/sekkei/src/Fyss3B.c,末端回路ブレーカ機器選定本体。フラグ設定(PrepareSelectionFlags)後に主回路機器サーチFysk00_Kikisearch_SY(未移植の移植境界)へデリゲート委譲しリターンコード(0正常/1異常)をそのまま返す
関数,FyHcPlugInJdgType,PlugInBreakerConnector.IsPlugInType,toku/haitichg/src/common/cmnplugin.c,プラグインブレーカ機器タイプ照合。datatype[0]末尾空白除去し有効プラグインタイプ(CTP/CH/CHP/KP。改訂<2>でCSP/CV/FL/BB等無効化)一致で真。C原典は0照合OK/-1NG
関数,PropGrouping,PlugInBreakerConnector.GroupBySource,toku/sekkei/src/Fyss3R.c,プラグインブレーカ電源分岐グルーピング。予約語P区切りで走査しプラグインタイプ先頭文字(K:アダプタ/他:C ハーフサイズ)連続範囲を1グループ化。改訂<2>でプラグイン含有グループのみ境界前進。返却は全グループ列と有効グループ数(呼出元は先頭GroupCount件参照)
関数,Fyss3R_TokuPlugIn_Kes_Set,PlugInBreakerConnector.SetConnection,toku/sekkei/src/Fyss3R.c,プラグインブレーカ結線処理本体。PropGroupingでグループ分けし電源相線13(単相3線)ならSetSinglePhaseConnection・33(三相3線)ならSetThreePhaseConnectionを呼び対象範囲の使用相siyouso/回路電圧kpav[0]/機器タイプdatatype[3]をその場更新。NOTHING判定はFYDF805依存デリゲートで境界化
関数,PropSetSouFor1sou,PlugInBreakerConnector.SetSinglePhaseConnection,toku/sekkei/src/Fyss3R.c,単相の結線相セット。CV付きCTブレーカ電圧・NOTHING指定有無で回路電圧kpav[0](210:RT相結線/105:RN・TN相結線)決定。接続相タイプ未入力機器はXN/YN交互・入力済RN/TN機器は対応使用相をセット。改訂<3>でCTPスキップ
関数,PropSetSouFor3sou,PlugInBreakerConnector.SetThreePhaseConnection,toku/sekkei/src/Fyss3R.c,三相の結線相セット。kpav[0]==210かつ極数epap!=003の機器のみ処理。アラームなしCHP・接続相タイプRN/TN・NOTHING指定有無に応じ使用相(RS/ST/RT)を順割当。NOTHING指定無は機器タイプdatatype[3]もRN/TN/NOTHINGを順セット
フィールド,siyouso,MainCircuitData.UsedPhase,toku/include/common/fydf806.h,使用相(R/S/T/N/X/Y)。プラグインブレーカ結線処理PropSetSouFor1sou/3souが接続相をセットする4バイト固定長フィールド
関数,Fyss3R_TokuPlugIn_MainChk,PlugInBreakerConnector.CheckMainBreaker,toku/sekkei/src/Fyss3R.c,プラグインブレーカ主幹チェック。プラグイン(親同一なら1回)の親機器のトリップ電流(単相>250AT/三相>400AT改訂<4>)・極数(3P以外NG)・メーカー(ELB/MCBは三菱M・MN以外NG)を検査しNGならエラーFY-957E(FYMEE80)を返す。改訂<3>でCTPスキップ。親検索LibTreeSrchはデリゲート境界化
関数,LibTreeSrch,PlugInBreakerConnector.CheckMainBreaker findParent引数,toku/lib,汎用二分探索(未移植)。データ追番datanoで親機器を検索。MainChkでは親データ追番oyatnoで親主幹を引く用途をFunc<string MainCircuitResult?>デリゲートで引数注入し境界化
関数,Fyss31_FukaHassei_Set,LoadSourceSelector.SetLoadSource,toku/sekkei/src/Fyss31.c,負荷発生元設定本体。末端機器から負荷容量・電気パラメータを辿り負荷発生元区分ahassei・通電電流値denryuを設定。CT/AM特殊コピー・改訂<1>子計器判定・改訂<3>MMCB・直近末端fno探索(set_denryu)・同一並列階層のset_fky・951005上流同一行種遡り・改訂<2>MC/TB親食違い・上流遡り伝播・1-2型dt_pntエラー・改訂<4>主幹通電電流をSHORT 0/2で返す。SC処理はデリゲート境界化
関数,set_error,LoadSourceSelector.MakeError,toku/sekkei/src/Fyss31.c,エラー情報生成。エラーコードFY-560E・行番gyo・桁atoi(keta)%03d・画面idFYMEE80をCircuitParseErrorに詰める。デバッグ情報001/002は対応フィールドが無く保持しない
関数,SC_Keitou_Proc,LoadSourceSelector.SetLoadSource processSystemCircuit引数,toku/sekkei/src/Fyss31.c,ＳＣ(系統)の通電電流値算出。Fyss39_Chk_Yoyaku/Chk_Heiret/Get_Seiden・Fyss3A_Get_Tsuden(未移植)依存のため添字を受け取るAction<int>デリゲートで引数注入し境界化
フィールド,searchsgy,MainCircuitData.SearchAgainFlag,toku/include/common/fydf806.h,制御回路で再サーチ('1':サーチ)。負荷発生元設定Fyss31のF(ヒューズ)特例(制御電源番号有・上流行種グループ不一致)で通電電流00000.80と共に立てる1バイト固定長フラグ
関数,Fyss3A_SC_NT_Sekisan,ScNtUpstreamAccumulator.AccumulateScNt,toku/sekkei/src/Fyss3A.c,ＳＣ／ＮＴの上流積算処理オーケストレータ。回路要素'1'で予約語SC/NTの各要素につき通電電流値を求め上流積上区分'1'まで遡り積算。負荷名称0KWは対象外(951002)
関数,Fyss3A_Chk_Yoyaku,ScNtUpstreamAccumulator.CheckReservedWord,toku/sekkei/src/Fyss3A.c,対象データチェック。回路要素'1'かつ予約語NT→(ret0/flag1)・SC→(ret0/flag2)・他→(ret1/flag0)。Fyss36本体のSC積算ループへ委譲
関数,Fyss3A_Get_Tsuden,ScNtUpstreamAccumulator.GetEnergizingCurrent,toku/sekkei/src/Fyss3A.c,通電電流値取得。NT(flag1)はep[2]定格電流2(A2)・SC(flag2)はep[2]静電容量(UF)を回路電圧/相数で電流換算(単相=UF/V・三相=UF/(1.732*V)・他=UF)。UF=0はKVAR変換・1次側MC時はSC1次電流換算
関数,Fyss3A_Chg_KvarUf,ScNtUpstreamAccumulator.ConvertKvarToUf,toku/sekkei/src/Fyss3A.c,定格容量(KVAR)→静電容量(UF)変換。UF=(KVAR*1000)/(2*3.14*回路周波数*回路電圧^2*0.000001)
関数,Fyss3A_Get_SC_Pc,ScNtUpstreamAccumulator.GetScPrimaryCurrent,toku/sekkei/src/Fyss3A.c,ＳＣの1次電流取得(960329)。UF=2*3.14159*回路周波数*UF*回路電圧^2*1E-6
関数,Fyss3A_Prc_Seksan,ScNtUpstreamAccumulator.ProcessAccumulation,toku/sekkei/src/Fyss3A.c,積算処理。上流積上区分'1'のテーブル要素まで親データ追番-1を辿り通電電流値(%08.2f)をセット。NT(flag1)は使用相"N   "も。Fyss36本体のSC積算ループへ委譲
関数,Fyss39_SC_Proc,ScSpecialProcessor.ProcessSc,toku/sekkei/src/Fyss39.c,ＳＣの特殊処理。予約語SCで静電容量UF/定格容量KVAR入力済みはep[2]へ整形コピー・未入力は電動機容量から静電容量算出(950928直近負荷M/同一行種最小W1/上流遡り)しSCuf=(Pkm)^a*bをep[2]へ・2003.05.13容量0時は前後の非0ＳＣから流用。並列ＳＣ分岐(sc_flag)は951002 continueによりデッドコードのため未移植
関数,Fyss39_Chk_Yoyaku,ScSpecialProcessor.CheckReservedWord,toku/sekkei/src/Fyss39.c,対象データチェック。系統種別'1'かつ予約語SCの時ep[0]静電容量(UF)・定格容量(KVAR)を返す(ret0)・他はret1
関数,Fyss39_Srt_Kaisno,ScSpecialProcessor.SortByHierarchy,toku/sekkei/src/Fyss39.c,階層番号ソート処理。データ追番配列を階層番号kaisonoの降順に選択ソート
関数,Fyss39_Get_Seiden,ScSpecialProcessor.GetCapacitance,toku/sekkei/src/Fyss39.c,ＳＣの静電容量算出。電動機容量Pkm=pm/1000と回路相数/電圧/周波数で係数a/bを決めSCuf=(Pkm)^a*b(三相?220/>220×50/60Hz容量帯・単相?105・他)。1998.05.19乗数変更(0.91/18.71)含む
フィールド,scflg,CircuitWork.ScProcessedFlag,toku/include/common/fyrt800.h,ＳＣ処理済フラグ(' ':未処理 '1':処理済)。Fyss39が使用する1バイト固定長ワーク
関数,Fyss39_Chk_Heiret/Get_ParmSC/Chg_KvarUf/Set_ParmSC,(未移植),toku/sekkei/src/Fyss39.c,並列ＳＣ処理群。SC_Procの負荷容量合計ループ手前951002 continueによりsc_flagが常に0となり到達不能(デッドコード)のため未移植
関数,Fyss3F_Fuka_Change,LoadSourceChanger.ChangeLoadSource,toku/sekkei/src/Fyss3F.c,負荷発生元の変更処理。先頭機器(回路要素'1'&先頭機器フラグ'1')の負荷発生元区分を'1'にし使用相siyouso別に積算エリアsk_areaの相間振替(XN/YN=XY_set・RN/SN/TN=RST_set・RS/ST/TR=RST2_set)後、下流子孫の負荷発生元区分をclear_ahasseiで再帰クリア。外部依存なし
関数,XY_set,LoadSourceChanger.XySet,toku/sekkei/src/Fyss3F.c,積算エリアのＸＹ相セット。destの各相(a/b/c/d/e/m/s)が0ならoriginから複写
関数,RST_set,LoadSourceChanger.RstSet,toku/sekkei/src/Fyss3F.c,積算エリアのＲＳＴ相セット。destの各相が0ならorigin1優先(0ならorigin2)から複写
関数,RST2_set,LoadSourceChanger.Rst2Set,toku/sekkei/src/Fyss3F.c,積算エリアのＲＳＴ相セット(2相補完)。sk_area[k1]==0で[k2]<-[k3]/[k4]<-[k5]・else [k6]==0で[k7]<-[k8]/[k9]<-[k10]
関数,sou_clear,LoadSourceChanger.ClearPhase,toku/sekkei/src/Fyss3F.c,積算エリアの相クリア。指定相の全フィールド(a/b/c/d/e/m/s)を0にする
関数,clear_ahassei,LoadSourceChanger.ClearLoadSourceFlag,toku/sekkei/src/Fyss3F.c,親の追い番を元に子供の負荷設定フラグをクリア。親追番=oyatnoの要素のahasseiを空白にし当該datanoで再帰(nest999上限)
関数,Fyss38_NT_Proc,NtSpecialProcessor.ProcessNt,toku/sekkei/src/Fyss38.c,ＮＴの特殊処理。系統種別'1'&予約語'NT'に対し並列MCB(極数P=1)合計を極数[2]へ・ep[0]非0なら複写。MCB極数1のトリップ電流ATのMAXを求め使用相[1]をクリア(直列下流の極数001も[1..3]削り)・A2未入力のNTへMAXをセット。外部依存なし
関数,Fyss38_Get_epap,NtSpecialProcessor.GetPoleCountSum,toku/sekkei/src/Fyss38.c,極数(P)合計取得。親追番oya&階層番号kai一致で予約語'MCB'かつ電気パラメータ[2]極数=1の件数を合計し奇数なら+1で偶数化して返す
関数,Siyousou2to1,PhaseAssigner.Convert2PhaseTo1Phase,toku/sekkei/src/Fyss3D.c,2相の使用相(XN/YN/XY/YX)を1相(X/Y)へ変換。変換したら1・対象外なら0を返す
関数,sort3d,PhaseAssigner.SortByParallelNumber,toku/sekkei/src/Fyss3D.c,indexテーブルtの先頭count件を指す機器の並列追番heino昇順に選択ソートする
関数,PropCount100Vkiki,PhaseAssigner.CountVolt100VDevices,toku/sekkei/src/Fyss3D.c,同じ親追番を持つ100V(負荷電圧100 or 回路電圧105)機器の主回路indexを収集。親がMCの時はブレーカ系のみ対象(改訂7)
関数,PropSetSou100Vkiki,PhaseAssigner.SetPhase100VDevices,toku/sekkei/src/Fyss3D.c,100V機器へ使用相を交互(XN/YN)にセット。回路電圧210(200V)はスキップ(改訂3/17)
関数,PropSetSou3P3Wkiki,PhaseAssigner.SetPhase3P3WDevices,toku/sekkei/src/Fyss3D.c,3相3線機器へ使用相(RS/ST/TR)をi%3で循環セット(改訂12)
関数,PropSetSou3P4Wkiki,PhaseAssigner.SetPhase3P4WDevices,toku/sekkei/src/Fyss3D.c,3相4線機器へ使用相(RN/SN/TN)をi%3で循環セット(改訂12)
関数,PropSetSouMC,PhaseAssigner.SetPhaseMc,toku/sekkei/src/Fyss3D.c,MCの使用相を電気パラメータ[0]極数から設定(002=XY/003=XNY)。MCB/SB2P・負荷電圧200Vは回路電圧210へ補正(改訂3/9)
関数,PropSetSouMC2P,PhaseAssigner.SetPhaseMc2P,toku/sekkei/src/Fyss3D.c,1P3W時MCの前後が3PでMCが2Pの場合にMCを中抜き。MC/TB親子ならMC=X Y・TB=XNY(改訂20/24/25)
関数,PropSetSouMC3P,PhaseAssigner.SetPhaseMc3P,toku/sekkei/src/Fyss3D.c,MC3P直下が2Pの場合にXN/YNを交互設定。入線番号～直列追番の15桁キーがstrncmp=-1(直下)かつ親子の時のみ(改訂16/31)
関数,PropMcChildVolt,PhaseAssigner.GetMcChildMaxVolt,toku/sekkei/src/Fyss3D.c,親MCが負荷電圧無指定の時に子機器の最大負荷電圧を返す(改訂4)
関数,PropSetPrmFor2P200v,PhaseAssigner.SetParamFor2P200V,toku/sekkei/src/Fyss3D.c,2P200V対応へ使用相XYと回路電圧210へ変更(改訂4)
関数,Fyss3D_ResetRRYsou,PhaseAssigner.ResetRRYPhase,toku/sekkei/src/Fyss3D.c,機器選定後にRRY(CT)の使用相をN付き2Pへ戻し極数を2Pへ修正(改訂26)
関数,Fyss3D_Katagiri,PhaseAssigner.AdjustKatagiriPhase,toku/sekkei/src/Fyss3D.c,MC/SSWを片切りで使う時に使用相のN相を削除・同一機器認識番号の共用も考慮(改訂3/33)
関数,PropChkElem1P2W,PhaseAssigner.CheckElement1P2W,toku/sekkei/src/Fyss3D.c,分岐でCT/CS/ZS/SE/SESのエレメント数が1ならFY-144Eエラー(改訂19)
関数,PropCheckUseVolt,PhaseAssigner.CheckUseVolt,toku/sekkei/src/Fyss3D.c,子の負荷電圧200V・親100VでFY-074Eエラー(改訂3)
関数,PropChkLacslRryFuka,PhaseAssigner.CheckLacslRryLoad,toku/sekkei/src/Fyss3D.c,RRY(LA)で極数1・負荷電圧200VならFY-074Eエラー(改訂15)
関数,Fyss3D_Keiki_set,PhaseAssigner.SetMeterCircuitPhase,toku/sekkei/src/Fyss3D.c,計器回路使用相セット。回路要素2(CT従属AM/WH/AS/THR)・3/4(計器F/VT/VS/VM/WL/GL/RL/OL/BL/WHをPwvTbl・F2Tblで解決)・5(ZCT従属LGR/ELR)。C原典の代入バグep[2].epaqty='2'を忠実再現(950209)
関数,PropGetF800Index,PhaseAssigner.CollectF800Index,toku/sekkei/src/Fyss3D.c,同一親追番の機器indexを用途別(主回路t/分岐送りta/その他tb/ヒューズtf)収集。極数不一致1P対象はtaへ・特注BOは対象外・親分岐MC3P直下2Pはパス(改訂11/16/17/27)
関数,PropGetF800Index34,PhaseAssigner.CollectF800Index34,toku/sekkei/src/Fyss3D.c,3相4線対応の同一親追番機器index収集。ヒューズ識別・MC3P親判定なし。t=主回路/ta=分岐送り/tb=その他(改訂11)
関数,PropGetF800Index34P,PhaseAssigner.CollectF800Index34P,toku/sekkei/src/Fyss3D.c,3相4線対応の極数別index収集。t=その他/ta=2P分岐送り/tb=3P分岐送り(改訂18)
関数,PropGetF800Index33,PhaseAssigner.CollectF800Index33,toku/sekkei/src/Fyss3D.c,同一親追番の機器index収集(t/ta/tb/tf)に加え極数3P機器数Count3Pを計上(改訂29)
関数,PropChgSiyousou,PhaseAssigner.ChangeSiyousouFor3P4W,toku/sekkei/src/Fyss3D.c,3P4Wと繋がる1相3線電源の使用相XNYをRNSに変更。後続に同一行種番号の電源があればパス・同系統の下流機器もX→R/Y→Sへ変換(改訂32)
関数,PropConnect3P4W,PhaseAssigner.IsConnectedTo3P4W,toku/sekkei/src/Fyss3D.c,1相3線電源が同一行種番号の3相4線電源と繋がっているか判定(0:無し/1:有り)。行種番号0は連携無し(改訂32)
処理ブロック,Fyss3D_PH_Kettei WH/CTループ,PhaseAssigner.CopyMeterPhaseByIdentity,toku/sekkei/src/Fyss3D.c,使用相未設定のWH/CTを同一機器認識番号doukknoの設定済み機器の使用相でコピーする(941227)
処理ブロック,Fyss3D_PH_Kettei RRY/AMループ,PhaseAssigner.ReducePhaseForRelayAndAmmeter,toku/sekkei/src/Fyss3D.c,RRY/RMCBの2極を1極へ変更し下流も追随(RRYのCT/LAは対象外・改訂15)。AM電流計はRST→S・他はN相以降クリア処理ブロック,Fyss3D_PH_Kettei DC/1P2W-2ケース,PhaseAssigner.AssignPhaseDcOr1P2WPole2,toku/sekkei/src/Fyss3D.c,電源がDCまたは1相2線極数2のときPと同系統番号の下流の使用相をXYにセット
処理ブロック,Fyss3D_PH_Kettei 1P2W-1ケース,PhaseAssigner.AssignPhase1P2WPole1,toku/sekkei/src/Fyss3D.c,電源が1相2線極数1のときPと同系統番号の下流の使用相をXNにセットしPropChkElem1P2Wでエレメント数検査(改訂19)
処理ブロック,Fyss3D_PH_Kettei 1P3W-親1P3W3ケース,PhaseAssigner.AssignParent1P3WPole3,toku/sekkei/src/Fyss3D.c,1P3W電源で親が1P3W極の子機器の使用相をセット(子1P3Wは親コピー・MC2P/3P/子1P2W2はXY/子1P2W1はF800Index収集後XN・YN交互)
処理ブロック,Fyss3D_PH_Kettei 1P3W-親1P2W2ケース,PhaseAssigner.AssignParent1P2WPole2,toku/sekkei/src/Fyss3D.c,1P3W電源で親が1P2W極2の子機器の使用相をセット(親MC無指定は親コピー/子極2は200V検査・100V機器交互/子極1はXN→X等変換/LACSLリレー検査)
処理ブロック,Fyss3D_PH_Kettei 1P3W-親1P2W1ケース,PhaseAssigner.AssignParent1P2WPole1,toku/sekkei/src/Fyss3D.c,1P3W電源で親が1P2W極1の子機器の使用相をセット(親MC/003は200V検査/親MCは子MC最大電圧200Vで親200V化・100V機器交互・TB3P対応・未設定は親コピー/子1P3W3は親MC中抜きXNY/非MCは親コピー)
処理ブロック,Fyss3D_PH_Kettei 3P3W電源ケース,PhaseAssigner.AssignPhase3P3W,toku/sekkei/src/Fyss3D.c,3P3W電源配下の同系統機器の使用相をセット(PはRST/親3P3W3は子3P3W3コピー・子1P2W2はF800Index33収集後3P3W相交互・MC子3Pは親データコピー/親1P2W2はMC子3Pを3P3W化・子1P2W2は親コピー)
処理ブロック,Fyss3D_PH_Kettei 3P4Wv0電源ケース,PhaseAssigner.AssignPhase3P4WNoV2,toku/sekkei/src/Fyss3D.c,3P4W(回路電圧v2なし)電源配下の同系統機器の使用相をセット(PはRSTN/親3P4W4v0は子3P4W4コピー・子3P3W3はRST・子1P2W2は3P3W相・子1P2W1は3P4W相/親3P3W3は子3P3W3コピー・子1P2W2は3P3W相/親1P2W2は子1P2W2コピー)
処理ブロック,Fyss3D_PH_Kettei 3P4Wvあり電源ケース,PhaseAssigner.AssignPhase3P4WWithV2,toku/sekkei/src/Fyss3D.c,3P4W(回路電圧v2あり)電源配下の同系統機器の使用相をセット(PはRSTN/親3P4W4は子3P4W4はF800Index34P収集後極数別相・子3P3W3はRST・子1P3W3はRNS/親3P3W3は子3P3W3コピー・子1P2W2は3P3W相/親1P2W2は子1P2W2コピー/親1P3W3は子1P3W3コピー・子1P2W2はRS・子1P2W1はRN・SN交互/親1P2W1は子1P2W1コピー)
処理ブロック,Fyss3D_PH_Kettei 統括本体,PhaseAssigner.AssignPhases,toku/sekkei/src/Fyss3D.c,使用相決定の統括本体。全機器の使用相を初期化(特注プラグインはスキップ)し予約語Pの電源を検索して電源種別(DC/1P2W2/1P2W1/1P3W/3P3W/3P4Wv0/3P4Wvあり)ごとにサブケースへ委譲。末尾でWH-CTコピー/RRY-AM極数変更/片切り/計器回路/3P4W接続1P3W変更を実行
関数,Fyss15_MCB1P_NT,LowerParameterGenerator.AdjustMcb1PhaseForNt,toku/sekkei/src/Fyss15.c,ＮＴに直接つながるMCB1P/RMCB1P(予約語MCB-RMCB&ep0.P=001)を走査しFyss35_Select_Karyu_Subで下流抽出。下流0件なら使用相2文字目にN相を追加(下流抽出エラーはスキップ)
関数,Fyss3E_12_MCDT_CSDT,LowerParameterGenerator.Process12McdtCsdt,toku/sekkei/src/Fyss3E.c,1-2型MCDT/CSDT(回路要素1&予約語MCDT-CSDT&切換タイプ1)を走査しFyss37_I_Set_Subで通電電流積算。同一機器認識番号ペアで通電電流小さい方に上流積み上げ区分1をセット。対象要素と下流(負荷発生元1で打切り)の通電電流値-積算エリアをクリア
関数,Fyss3I_21_MCDT_CSDT,LowerParameterGenerator.Process21McdtCsdt,toku/sekkei/src/Fyss3I.c,2-1型MCDT/CSDT(回路要素1&予約語MCDT-CSDT&末端区分非1&切換タイプ2)を走査しFyss37_I_Set_Subで通電電流積算。全件走査し同一機器認識番号の相手へ通電電流値-機器選定区分-積算エリアをコピー(区分相違は親追番辿り伝播)し負荷発生元1をセット。対象要素の通電電流値-積算エリアをクリア
関数,Fyss3H_Keiki_Iset,LowerParameterGenerator.SetMeterCircuitCurrent,toku/sekkei/src/Fyss3H.c,計器回路の通電電流値セット。回路要素2予約語CTは同一機器認識番号の回路要素1予約語CTの通電電流値を(Set_Den1)-回路要素非1予約語ZCTは親データ追番の通電電流値を(Set_Den2)自身と下流(Set_Karu=Fyss35抽出)の全要素にセット
関数,GetYNUM,BranchArraySorter.GetReservedWordKind,toku/sekkei/src/Fyss3C.c,予約語(8バイト右詰め)→予約語識別子(YNUM約110種)へ変換。y_dataテーブルを完全一致検索し不一致はNone。KouseiGetElementのswitchが使用
関数,SetPoint,BranchArraySorter.SetDecimalPoint,toku/sekkei/src/Fyss3C.c,数値文字列の指定位置に小数点を挿入。n<=0は無変更(C原典は未初期化ローカルstrcatのno-opバグを忠実再現)-n>=長さは先頭に0.付与-他は末尾n桁前に.挿入。呼元KouseiGetElementのみ
関数,itoanz,BranchArraySorter.FormatFixedWidth,toku/sekkei/src/Fyss3C.c,整数値をwidth桁の0詰め文字列に(%.ndで0詰め後memcpyで先頭width文字切出)。antoiは既存Stoiを再利用
構造体,TREE/SDATA/Stat,BranchArraySorter.TreeData/WorkData/WorkStatus,toku/sekkei/src/Fyss3C.c,並べ替え作業モデル。TreeData=要素数値(入線/上流並列/階層/並列/直列/行種グループ/親/グループ親/回路要素/グループ並列追番)、WorkData=now/new/stat、WorkStatus=nodone?doneの8状態
glheino,MainCircuitData.GroupParallelNumber,MainCircuitData.GroupParallelNumber,toku/include/common/fydf806.h,グループ並列追番(glheino[3])。分岐配列並べ替え(Fyss3C)が再設定
InitializeWorkArea,BranchArraySorter.InitializeWorkArea,BranchArraySorter.InitializeWorkArea,toku/sekkei/src/Fyss3C.c,作業領域初期設定。主回路データをStoiで数値化しNowへ移送、kiryoso=CircuitElement-'0'、New=Nowの複製、stat=NoDone
SetResults,BranchArraySorter.SetResults,BranchArraySorter.SetResults,toku/sekkei/src/Fyss3C.c,処理結果移送。nodone以外のNewの上流並列/並列/グループ並列追番をFormatFixedWidthで3桁で主回路へ書戻し
IsMatch_gyocd,BranchArraySorter.IsMatchLineTypeCode,BranchArraySorter.IsMatchLineTypeCode,toku/sekkei/src/Fyss3C.c,行種コード(gyocd 3バイト)が'B  '/'BO '/'O  'のいずれか
IsMatch_epabn,BranchArraySorter.IsMatchPanelKind,BranchArraySorter.IsMatchPanelKind,toku/sekkei/src/Fyss3C.c,電気パラメータ[0]の盤種類(epabn=Bn)が'1'/'4'
GetFloorElements群,BranchArraySorter.GetFloorElements等6関数,BranchArraySorter.GetFloor*/GetBrothers,toku/sekkei/src/Fyss3C.c,収集関数群。GetFloorElements(doing×階層)/GetFloorTopElements(+直列1)/GetFloorElementsOfSeries(直後連続直列)/GetFloorElementsOfVt(回路要素4)/GetFloorElementsOfCt(同階層行種GL・直列1)/GetBrothers(同一親追番)をインデックス一覧で返す
GetMin/MaxKaisono,BranchArraySorter.GetMin/MaxHierarchyNumber,BranchArraySorter.GetMinimumHierarchyNumber/GetMaximumHierarchyNumber,toku/sekkei/src/Fyss3C.c,doingデータの最小(0x7FFF初期)/最大(-1初期)階層番号
構造体,KDATA,BranchArraySorter.SortKey,toku/sekkei/src/Fyss3C.c,ソート作業用構造体。index/joheinoとKEY0?9(SP区分/機器種別/タイプ/極数/電圧/予約語種別/フレーム電流/トリップ電流/エレメント数/付属機能)/heino
CompareSortIndex,BranchArraySorter.CompareSortIndex,BranchArraySorter.CompareSortIndex,toku/sekkei/src/Fyss3C.c,ソートキー比較。joheino→KEY0→1→2→3(逆)→KEY5(予約語種別)→KEY4(電圧逆)→KEY6/7(電流逆)→KEY8(逆)→KEY9→heinoの順。固定長キーはCompareOrdinal(符号のみ使用)。95.03.13でKEY5をKEY4より優先
GetMinimumHeino,BranchArraySorter.GetMinimumParallelNumber,BranchArraySorter.GetMinimumParallelNumber,toku/sekkei/src/Fyss3C.c,ソートキーリストのindexが指す作業データのうち階層番号一致の最小heino(該当なしは0x7FFF)
SortIndex(KEY5),BranchArraySorter.GetReservedWordSortCategory,BranchArraySorter.GetReservedWordSortCategory,toku/sekkei/src/Fyss3C.c,予約語→KEY5予約語種別の2桁コード(ELB=01?RRY=12、その他=13)
SortIndex(KEY2),BranchArraySorter.GetTypeKind,BranchArraySorter.GetTypeKind,toku/sekkei/src/Fyss3C.c,KEY2タイプ種別(構成機器非依存maina経路)。SB→'4'/協約系→'2'、他はdatatype[7]走査(SB'4'/KM,KY'2'/CT'3'/Sパワー'4')、無し'1'
SortIndex(KEY6/7),BranchArraySorter.SelectSortCurrent,BranchArraySorter.SelectSortCurrent,toku/sekkei/src/Fyss3C.c,KEY6/7電流採用値(maina経路)。ep[1]値が数値で0.0ならep[2]値、非0ならep[1]値
GetFloorElementsForSortX,BranchArraySorter.GetFloorElementsForSort,BranchArraySorter.GetFloorElementsForSort,toku/sekkei/src/Fyss3C.c,ソート対象末端回路ブレーカ収集。doingかつ行種B/BO/O・盤種BN1/4・回路要素=1・直列追番=1・グループ親追番一致
GetFloorElementsNotForSort,BranchArraySorter.GetFloorElementsNotForSort,BranchArraySorter.GetFloorElementsNotForSort,toku/sekkei/src/Fyss3C.c,ソート非対象要素(親追番一致blistからCT和集合flistを除いた昇順)とflistの最小新並列追番。★kaisono==kaisonoは常に真の忠実バグ
struct FYDF811,ComponentEquipment,ComponentEquipment,toku/include/common/fydf811.h,構成機器レコードの最小サブセット(datano・機器マスターキーMachineKey)。SortIndex/KouseiGetElementのソートキー生成で参照
struct p805_key,MachineMasterKey,MachineMasterKey,toku/include/common/fydm805.h,機器マスターキー(予約語yoyaku[8]・メーカーコードmkcd[3]・パラメータタイプptype[7][7]・定格キーteikkey[80])
SortIndex(構成機器検索),BranchArraySorter.FindComponentByDataNumber,BranchArraySorter.FindComponentByDataNumber,toku/sekkei/src/Fyss3C.c,主回路のデータ追番に一致する構成機器のインデックス(memcmp datano 3桁、該当なし-1)
KouseiGetElement,BranchArraySorter.SetComponentSortCurrent,BranchArraySorter.SetComponentSortCurrent,toku/sekkei/src/Fyss3C.c,構成機器の定格キー(fyrt701 union)から予約語別にAF/ATを抽出しKEY6/7を%09.3fで設定。MCB/ELB/MMCB/ELMB/SB/RMCB/RELB/RMMCB/RELMB/HPSB/HSB/CP/NHMBのみ抽出、他は0
フィールド,kikirui,ReservedWordMaster.Kikirui,toku/include/common/fydf810.h,機器大分類(offset14878)。SortIndexのKEY1で使用
フィールド,typetjg[].yukoidx,ReservedWordMaster.TypeSlots[].EffectiveIndexCount,toku/include/common/fydf810.h,タイプ枠の有効インデックス数(2桁数値をsscanf%hd)。0で走査打ち切り
フィールド,typetjg[].ptype,ReservedWordMaster.TypeSlots[].ParameterTypes,toku/include/common/fydf810.h,パラメータタイプ記号(ptype[40][7]パック配列、生7文字)。KEY9で走査
SortIndex(KEY1),BranchArraySorter.ResolveEquipmentKind,BranchArraySorter.ResolveEquipmentKind,toku/sekkei/src/Fyss3C.c,KEY1機器種別。YOYAKU_TBL.kikirui=='1'→'1'、それ以外→'2'
SortIndex(KEY9),BranchArraySorter.ResolveAttachedFunction,BranchArraySorter.ResolveAttachedFunction,toku/sekkei/src/Fyss3C.c,KEY9付属機能。typetjgを走査しptype(12バイトmemcmp)がALX→'1'/AL→'2'、無し'3'。yukoidx==0で打切。★12バイト比較はptype[k]と隣接要素にまたがる忠実仕様
SortIndex(KEY2構成機器),BranchArraySorter.GetTypeKindFromComponent,BranchArraySorter.GetTypeKindFromComponent,toku/sekkei/src/Fyss3C.c,構成機器存在時のKEY2。km_key.ptype走査(SB→'4'/KM,KY→'2'/CT→'3')またはdatatypeがSパワー系(SE/SS/SEH/SES/ZS/ZSG/ZB)→'4'、無し'1'
SortIndex,BranchArraySorter.SortIndex,BranchArraySorter.SortIndex,toku/sekkei/src/Fyss3C.c,ソートキー生成本体。予約語スキャン(未発見→ER_SEKKEI/-1)+joheino+構成機器検索+KEY0..KEY9代入+CompareSortIndexでqsort。YOYAKU_TBL/構成機器を引数注入
SortGroupElements,BranchArraySorter.SortGroupElements,BranchArraySorter.SortGroupElements,toku/sekkei/src/Fyss3C.c,グループ要素の並べ替え。GetFloorElementsForSort+GetFloorElementsNotForSort+SortIndex後、対象外(VTlist)の現並列追番と衝突しない値を連続割当。CT/直列要素へ伝播しcdoing系マーキングで二重処理防止。slist(GetFloorTopElements)はC原典でも未使用
SortUnderGroupElements,BranchArraySorter.SortUnderGroupElements,BranchArraySorter.SortUnderGroupElements,toku/sekkei/src/Fyss3C.c,下位階層の上流並列追番・並列追番再設定。指定階層+1から最下層まで各階層先頭要素をjoheino昇順にqsort→最小並列追番から連番。★副作用: new.joheinoも同時更新
SetGroupAllElements,BranchArraySorter.SetGroupAllElements,BranchArraySorter.SetGroupAllElements,toku/sekkei/src/Fyss3C.c,グループ並列追番再設定。doing要素を親データ追番でGetBrothersし新並列追番昇順qsort→束の先頭を1とする連番。親0/兄弟なしはglheino0。一時sortingマークで兄弟の二重処理防止し最後にdoingへ戻す
Fyss3C_Bunki_Sort,BranchArraySorter.SortBranchArray,BranchArraySorter.SortBranchArray,toku/sekkei/src/Fyss3C.c,分岐配列指定無し時の並べ替え本体(オーケストレータ)。buhaskbn=='2'ガード→InitializeWorkArea→CMPSマーキング+Fyss35_Select_Karyu_Sub(DownstreamSelector.SelectDownstream)で親系統マーク→SortGroupElements/SortUnderGroupElements/SetGroupAllElements→SetResults書戻し。エラー時は書戻さず終了(goto error相当)。buhaskbnはchar引数で受注
CMPS,BranchArraySorter.Cmps,BranchArraySorter.Cmps,toku/sekkei/src/Fyss3C.c,処理対象マーキング判定マクロ。行種B/BO/O+盤種類BN1/4+回路要素'1'+末端回路先頭機器フラグ(sentflg)'1'+グループ親データ追番一致
CTINF,CtAutoGenerator.CtInfo,CtAutoGenerator.CtInfo,toku/sekkei/src/Fyss15.c,CT作成情報構造体。datano_WHAM(発生原因WH/AMの1始まりデータ追番)/datano_CT(CT挿入直前データ追番)
SortCTINF,CtAutoGenerator.PrepareCtCreation(Sort),CtAutoGenerator.PrepareCtCreation,toku/sekkei/src/Fyss15.c,CTINF整列比較関数。datano_CT昇順。List.Sortのラムダとして集約
Pre_CT_Make,CtAutoGenerator.PrepareCtCreation,CtAutoGenerator.PrepareCtCreation,toku/sekkei/src/Fyss15.c,CT自動生成の検出・挿入位置リスト作成。予約語AM+回路要素'1'+定格電流2>30Aの要素につき前後(i,i+1)へCT挿入位置対を作成し重複除去→datano_CT昇順整列。改訂<2>でWH経路は削除済
Mainfile_CT_Make,CtAutoGenerator.InsertCtIntoMainCircuit,CtAutoGenerator.InsertCtIntoMainCircuit,toku/sekkei/src/Fyss15.c,CTINFを元に主回路へCTを挿入し再作成。WH/AM定格電流2→1写し(epaa1未入力時2次側5A)→旧を新リストへ複写しCT挿入・データ/親/グループ親追番を新採番へ付替え・挿入対間のWH/AM本体と偶数番CTを回路要素'2'化→挿入で重なる階層番号の繰上げ・同階層同並列要素のnarakbn-1調整。★atoi(kaisono)はkaisono→heino→chokuno→yoyakkbnの物理隣接を数字が続く限り読む忠実仕様(越境読取)。オブジェクト再利用でmemcpy相当
Main_Area_Clear,MainCircuitData.Create,MainCircuitResult(new),toku/sekkei/src/Fyss1f.c,主回路要素の全フィールド初期化(数値'0'/文字' '/narakbn'1'/小数点SetPeri)。C#はドメイン既定値(new)が相当。CT挿入部初期化に使用
Fyss15_Make_LowerParm,LowerParameterGenerator.MakeLowerParameters,LowerParameterGenerator.MakeLowerParameters,toku/sekkei/src/Fyss15.c,下流からのパラメータ生成MAIN。末端区分→上流積み上げ→先頭機器フラグ→負荷発生元(異常で戻り1)→機器選定区分→末端通電電流→電気パラメータ2(1M)→特注/クレスポ地区でプラグイン結線→末端ブレーカ選定(ret3で戻り3・他非0で戻り1)→分岐並び換え→使用相決定(異常で戻り2)→SC特殊→負荷変更→1_2型/2_1型MCDT/CSDT→P予約語で通電電流積算→NT特殊→SC/NT上流積算→メータ回路電流→電気パラメータ(2M/2K)→CT自動生成で主回路再構築し戻り-1(構成機器クリア指示)→MCB1P_NT調整→特注プラグイン主幹チェック。未移植依存(機器サーチ/系統電流/自由文字有無/親検索/エラー出力)は引数注入デリゲートで境界化
関数(移植),SetParam_ep2 case y_NHMB,SecondaryParameterSetter.SetParam_ep2 case NHMB,toku/sekkei/src/Fyss14.c,NHMBのep[2]生成。MCB_P+MCB_V2後 W入力(ep[0].W1/fp.LoadCapacity)ありならAT=W/V2(V2は0ならep[2]側)。W無くA2入力時はep[0].ATへA2整形設定。sprintf%09.3f先頭9文字
関数(移植),SetParam_ep2 case y_CR,SecondaryParameterSetter.SetParam_ep2 case CR,toku/sekkei/src/Fyss14.c,CR(改訂35)のep[2]生成。特殊予約語27A/27B/27C('3'/'4'/'5')時 MCB_V2+制御電圧VC(kpav[0])+CC=02(ep[0]/ep[2])+タイプ[2]=NC+極数3桁目'2'
関数(移植),SetParam_ep2 case y_DCPW/DCPW_V1,SecondaryParameterSetter.SetParam_ep2(list)/SetDcpw,toku/sekkei/src/Fyss14.c,DCPWのep[2]生成(list+index版)。MCB_V2+親=maina[index-(datano-oyatno)]のep[2].V2[0]をep[2].V1[0]へ複写+W入力ありならA2=W/V2をep[2]へ+V2区分'D'
関数(移植),SetParam_ep2 case y_ELR,SecondaryParameterSetter.SetParam_ep2(list)/SetElr,toku/sekkei/src/Fyss14.c,ELRのep[2]VC設定(list+index版)。直前(index-1)が非ZCTなら直前要素の回路電圧をVCに設定し同一ysno(直前ZCT)のELRへVC伝播
関数(移植),SetParam_ep2 case y_LGR,SecondaryParameterSetter.SetParam_ep2(list)/SetLgr,toku/sekkei/src/Fyss14.c,LGRのep[2]VC/K設定(list+index版)。ELR同様のVC設定/伝播+同一ysnoの他LGR数jでK(1->001/2->002/3～5->005)。jが0または6以上はFY-632E(記述行/桁)返却=C原典return(2)
関数(移植),SetParam_ep2 case y_PLTR,SecondaryParameterSetter.SetParam_ep2(list)/SetPltr,toku/sekkei/src/Fyss14.c,PLTRのep[2]V1(1次側電圧)設定(list+index版=SetParam_ep2_RTR_V1)。親(RTRなら更にその親)の回路電圧kv0で決定(kv0>105->200/以下->100/PLTRかつkv0>=380->400)しVC区分に計器1次側電圧区分kpakv1kbを設定
関数(移植),SetParam_ep2 case y_MC,SecondaryParameterSetter.SetParam_ep2(list)/SetMc,toku/sekkei/src/Fyss14.c,MCのep[2]極数epap決定(list+index版)。行種TM/SM/MはSetEpap2P(2P自動選定)->未設定時SetMcbPole+子機エレメント修正PropMcChildElement・他は2次側機器有無で分岐(INVBP tokkbn7=003/無=同一ysnoのMC数icnt/有=共用時icnt100+icnt200集計)。V2/AC/BCも設定
関数(移植),SetParam_ep2_epap2P,SecondaryParameterSetter.SetEpap2P,toku/sekkei/src/Fyss14.c,MC極数の2P自動選定(改訂17)。極数未入力かつタイプSF/未指定かつ回路相数1のとき同一系統kno内にTM行あれば行種M/SM・無ければSMをepap=002に設定(戻り-1)
関数(移植),PropMcChildElement,SecondaryParameterSetter.PropMcChildElement,toku/sekkei/src/Fyss14.c,MC子機(SB/MCB/ELB)のエレメント数ep[2].E修正(改訂6/8/9/10/16)。負荷電圧fpalv[0]で200=2/100=1/000は親回路電圧kpav[0]210かつ非3P=2または105/3P=1。子機3P(ep[0].P=003)は線式kpawr・極数kpapを3に
関数(移植),SetParam_ep2 case y_TB,SecondaryParameterSetter.SetParam_ep2(list)/SetTb,toku/sekkei/src/Fyss14.c,TB(端子台)のep[2]極数epap決定(list+index版)。記述行gyo/系統kno走査で優先順に判定。直列トリップ->6・MGSH電源相線->6/5/4・27A27B27C->2/2/3かつ自身tokkbn=6・MC回路N相共用TBKY->1/2・基本は相数線式で2/3/3/4。最後にV2へ回路電圧最大値
関数(移植),Parm_Set_TB_Chk,SecondaryParameterSetter.TbHasSeriesTrip,toku/sekkei/src/Fyss14.c,TB同一記述行に直列トリップMCSD/MGSD/MCFRSD/MGFRSD兄弟があるか判定(戻り0=あり)
関数(移植),Parm_Set_TB_Chk2,SecondaryParameterSetter.TbFindShutterMg,toku/sekkei/src/Fyss14.c,TB同一記述行のMGSH(MG+tokkbn1/2)判定+同一系統knoの電源P探索(改訂33)
関数(移植),Parm_Set_TB_Chk3,SecondaryParameterSetter.TbFind27,toku/sekkei/src/Fyss14.c,TB同一記述行の27A/27B/27C(CR+tokkbn3/4/5)判定(改訂35)
関数(移植),Parm_Set_TB_Chk4,SecondaryParameterSetter.TbCheckMcNShare,toku/sekkei/src/Fyss14.c,MC回路N相共用TB判定(改訂36)。自身コメントfpacm1がTBKY(先頭3文字)=2・同一記述行の他機コメントTBKY(4文字)=1・無=0
関数(移植),SetParam_ep2 case y_WL/GL/RL/OL/BL,SecondaryParameterSetter.SetParam_ep2(list)/SetLampSize,toku/sekkei/src/Fyss14.c,表示灯WL/GL/RL/OL/BLのep[2]設定(list+index版)。MCB_V2後に製作仕様区分sshiykbn(引数注入bukken1->com.kyo.sshiykbn)先頭2文字01/02で径サイズepaksize=025.0他=030.0(改訂13)。直前レコードがF且つdatatype[0]=TRなら回路電圧kpavを005/000/000・ep[2].epav2[0]=000005.5に上書き